Stations,GITEGA,BUTAMWA,MUHIMA,KABUSUNZU,COLLEGE_STANDRE,LYCEE ND CITEAUX,RUGUNGA,RWAMPARA,RUBUNGO,KABUYE_SUGAR,KIGALI_AERO,MASAKA,RUBIRIZI,NYANZA,GIHISI,BUSASAMANA_NYANZA,BUSORO,MWEYA,NYAMIYAGA,RURANGAZI,CYILI,GIKONKO,KANSI_ECOLE,KIGEMBE,GAKOMA,MUKINDO,SAVE_PAROISSE,RUNYOMBI,CYAHINDA,KIBEHO,NSHILI,MATA,MUGANZA,MUTOVU,MUNINI,AGASE,RURAMBA,NYAKIBANDA,BUTARE_AERO,GAHORORO-HUYE,KIGOMA_HUYE,NYAMUGARI,MWOGO,RUBONA_COLLINE,SIMBI,BISHYIGA,BURUHUKIRO,CYANIKA,GIKONGORO_MET,KIGEME,MUSEBEYA_CRETE,GATARE,KADUHA,KITABI,MBAZI,MUSHUBI,MBUGA,MUDASOMWA,GITWE,BYIMANA,KARAMBI,CYERU,KINAZI,MUKUNGURI,KABUGA,GITARE,GISANGA,MAYUNZWE,KAGEYO,URURUMANZA,MWENDO,RUBONA_TAMBWE,KIGOMA_RUHANGO,KIVUMU,KIBANGU,KANYANZA,BULINGA,NGARU,NYABINONI,NYAMABUYE,RUGENDABARI,SHYOGWE,MURAMBI,GIHINGA_GACURABWENGE,KAYENZI,MUGINA,MUSAMBIRA,RUGOBAGOBA,GIHETA,KIBUYE,NYAMISHABA,GISHYITA,MUGONERO,MUBUGA,MUBUGA,KIRINDA,RUBENGERA_MET,BIRAMBO,RUGABANO,GISOVU,WISUMO,TWUMBA,RUGABANO_TEAN_COMPANY,BONEZA,RUTSIRO,GIHANGO,MURUNDA,KIVUMU,MUSHUBATI,TAMIRA,BUSASAMANA_RUBAVU,RYABIZIGE,GISENYI_AERO,KANAMA,NYUNDO,PFUNDA,BIGOGWE,KORA,KABATWA,RWANKERI_NYABIHU,RAMBURA,RUGERA,GATUMBA,MURAMBA_PAROISSE,KABAYA,MUHANDA_RUBAYA,NYANGE_NGORORERO,SOVU,BUGARAMA_RIZ,MIBIRIZI,KAMEMBE_AERO,SHAGASHA,MASHESHA,GATANDARA,MURURU,NKANKA,NYAKABUYE,GISAKURA,NTENDEZI,KAMATSIRA_RANGIRO,CYATO,NYAMASHEKE,MASEKA_KIRAMBO,KANJONGO,BIGUTU,MWEZI,KIRIMBI,GATARE,MWAGA,SHANGI,BUMAZI,RULINDO,CYINZUZI,RUTONGO,MUGAMBAZI,KIRULI,RWAGIHURA,RUKOZO,RUSIGA,MURAMBA_CYABINGO,JANJA,MINAZI,CYATA,RUGANDA,MUYONGWE,NEMBA,RULI_MUSASA,RUSHASHI,RUTABO,RWANKUBA,REMERA_RUHONDO,BUSOGO_ISAE,MUKINGO,RUHENGERI_AERO,KINIGI,NYAKINAMA,MUSANZE,KARISOKE,NYANGE_MUSANZE,RWAZA,SHINGIRO,BUNGWE,BUTARO,KAGOGO,NTARUKA,KINONI,RUHUNDE,RWERERE_COLLINE,RWESERO,KARAMBO,BYUMBA_MET,MULINDI_USINE,KABEZA_NYAMIYAGA,RUHUNDA,GISHARI,RWAMAGANA,GIKORO,MUSHA,MWURIRE,NZIGE,MUREHE,GATUNDA,NYAKIGA_NYAGATARE,KAGITUMBA,NYAGATARE,RWEMPASHA,KARANGAZI,GASANGE,MUHURA,KABARORE,KIZIGURO,NGARAMA,NYAGAHANGA_CERAI,GABIRO,RWIMBOGO,GAHINI,KABARONDO,MURUNDI,KAYONZA,MWIRI,KAWANGIRE,RUKARA,RWINKWAVU,AKAGERA,NDEGO,GAHARA,RUSUMO_BGM,KIREHE,MPANGA,MUSAZA,NYAMUGALI_KIREHE,BUKORA,NYARUBUYE,GAHORORO,MBUYE,JARAMA,KIBUNGO_KAZO,BARE,MUTENDERI,RUKIRA,RUKUMBERI,SAKE,ZAZA,KARAMA_KILIMBI,KARUTETE,KARAMA_ISAR,NYAMATA,RUHUHA,JURU
LON,30.05554,30.03333,30.06,30.05,30.06,30.06,30.08,30.08,30.16,30.07111,30.13278,30.21,30.11,29.75,29.75,29.76,29.91,29.63,29.86,29.65,29.88,29.86,29.75,29.7,29.85,29.91,29.76,29.51,29.6,29.55,29.46,29.56,29.5,29.46,29.55,29.43,29.51,29.68,29.71,29.64,29.63,29.65,29.6,29.76,29.7,29.45,29.38,29.6,29.55,29.53,29.38,29.48185,29.53,29.43,29.58,29.45,29.46,29.45,29.7,29.71,29.65,29.95,29.91,29.9,29.86,29.85,29.86,29.83,29.81,29.85,29.68,29.86,29.8,29.8,29.68,29.78,29.7,29.66,29.68,29.78,29.66,29.78,29.8,29.91,29.85,29.94,29.85,29.88,29.83,29.35,29.35,29.29194,29.3,29.31,29.3,29.56,29.41047,29.5,29.48019,29.35,29.3,29.36242,29.47938,29.30694,29.4,29.38365,29.38333,29.3,29.3977,29.35,29.34514,29.31,29.25985,29.35,29.31,29.28,29.42374,29.45,29.46,29.51,29.51,29.61,29.63306,29.6,30.55293,29.63194,29.58,29.52,29.00639,28.95642,28.91,28.93,29,28.9,28.89019,28.93214,29.02669,29.08,29.04478,29.2,29.20117,29.08,29.15,29.13669,29.03,29.03,29.22428,29.18,29.05,29.00594,29.03,29.91,30,30.05,30.05,29.93,29.96,29.94833,29.94778,29.68,29.67,29.78,29.88,29.88,29.87,29.78,29.81,29.85726,29.85,29.85,29.75,29.55,29.56,29.61,29.59419,29.63,29.58,29.5,29.51,29.68,29.5,29.96,29.83,29.76,29.75,29.71,29.93,29.88,30.16,30.23,30.05,30.05,30.05,30.43,30.42961,30.43,30.33,30.3327,30.4046,30.34012,30.26,30.21,30.3,30.45,30.31,30.15,30.38944,30.29,30.23,30.38,30.28,30.23,30.21,30.4,30.44,30.50751,30.5575,30.54625,30.5,30.57677,30.43,30.48,30.605,30.66,30.71153,30.50404,30.73,30.66,30.79871,30.62915,30.74958,30.78613,30.75319,30.5,30.4,30.37914,30.5,30.45,30.48,30.58,30.35,30.39029,30.43251,30.28,30.25,30.26,30.45,30.01,30.19
ANNUAL/LAT,-1.955597,-2.016667,-1.93,-1.96,-1.96,-1.95,-1.95,-1.96,-1.92,-1.890556,-1.965,-2,-1.98,-2.35,-2.366667,-2.35,-2.28,-2.33,-2.46,-2.35,-2.48,-2.48,-2.7,-2.73,-2.71,-2.46,-2.55,-2.78,-2.73,-2.65,-2.76,-2.56,-2.68,-2.65,-2.68,-2.7,-2.55,-2.65,-2.6,-2.6,-2.46,-2.46,-2.51,-2.46,-2.52,-2.43,-2.38,-2.43,-2.48,-2.48,-2.36,-2.514158,-2.33,-2.55,-2.36,-2.36,-2.36,-2.5,-2.21,-2.16,-2.21,-2.21,-2.2,-2.15,-2.15,-2.11,-2.13,-2.18,-2.15,-2.15,-2.15528,-2.18,-2.23,-2.05,-1.83,-1.9,-2,-1.73,-1.76,-2.08,-1.95,-2.13,-2.08,-2.1,-1.9,-2.11,-2.05,-2.05,-2.08,-2.05,-2.06,-2.155167,-2.18,-2.13,-2.11,-2.18,-2.0672,-2.13,-2.056472,-2.25,-2.28,-2.241972,-2.09678,-1.903333,-1.95,-1.95,-1.916667,-1.78,-2.016467,-1.56,-1.604867,-1.62,-1.67608,-1.7,-1.7,-1.68,-1.626994,-1.6,-1.6,-1.58,-1.68,-1.61,-1.9475,-1.75,-1.770633,-1.94778,-2.05,-1.91,-2.691389,-2.573806,-2.46,-2.48,-2.6,-2.5,-2.537361,-2.418833,-2.563722,-2.45,-2.446222,-2.4,-2.407028,-2.34,-2.3,-2.318444,-2.5,-2.51,-2.256861,-2.3,-2.43,-2.409639,-2.41,-1.71,-1.76,-1.81,-1.8,-1.63,-1.63,-1.62194,-1.61,-1.56,-1.68,-1.73,-1.7,-1.78,-1.72,-1.6,-1.81,-1.727652,-1.75,-1.75,-1.53,-1.56,-1.53,-1.48,-1.440278,-1.55,-1.5,-1.5,-1.46,-1.53,-1.5,-1.5,-1.41,-1.55,-1.46,-1.43,-1.6,-1.53,-1.8,-1.8,-1.6,-1.48,-1.43,-1.9,-1.913807,-1.93,-1.91,-1.931578,-1.97656,-2.02628,-2,-1.36,-1.218333,-1.05,-1.28,-1.36,-1.428889,-1.8,-1.52,-1.62,-1.63,-1.58,-1.61,-1.55,-1.63,-1.847942,-2.01056,-1.704987,-1.9,-1.880582,-1.81,-1.8,-1.972123,-1.93,-2.014543,-2.334903,-2.26,-2.26,-2.16765,-2.3314,-2.285803,-2.30871,-2.18378,-2.16,-2.25,-2.277985,-2.15,-2.3,-2.26,-2.21,-2.18,-2.225327,-2.155898,-2.26,-2.21,-2.25,-2.15,-2.35,-2.1
1983,26.906,27.15195,26.90523,26.906,27.05389,27.05389,27.05389,27.05389,26.8037,26.18608,27.0974,27.44384,27.02458,25.92797,25.92797,24.83616,28.44151,24.79408,29.07173,24.13132,28.9477,29.07173,26.98819,26.98773,28.87293,29.27833,26.01685,23.89285,25.79893,25.00274,22.59427,23.9397,24.60685,23.54841,25.00274,22.01186,23.42438,26.55444,25.4469,24.14392,24.54468,24.98014,24.16989,26.73458,25.14181,22.64915,21.65381,24.04849,23.65578,23.36038,21.65381,23.02214,23.36964,22.81707,23.99797,22.65184,22.73058,22.75386,25.28521,25.36405,25.17811,27.88112,27.44926,26.09433,25.67022,25.39849,25.67022,25.19282,24.94767,25.67022,26.3163,25.74208,25.79636,25.0514,26.44011,25.97934,26.30156,26.57219,25.35912,25.20948,26.25663,24.72989,25.0514,26.36474,26.92244,26.36474,25.73233,25.81422,25.0514,27.30019,27.30019,27.45693,27.30359,25.76784,27.59211,23.80038,27.13827,22.4606,22.0114,20.52425,23.39408,20.52425,23.07392,23.92764,22.8197,22.8197,22.55611,26.86216,26.07049,22.95312,22.06534,23.29658,26.82611,22.94123,24.50364,25.18921,20.09447,20.09447,19.49411,18.61737,19.32723,22.53652,22.81022,20.91742,26.52721,22.81022,23.37627,19.45121,30.49992,25.13545,26.66414,26.66414,25.68855,26.43403,25.99296,25.61299,25.10893,25.3769,25.3769,24.73803,24.73803,24.77416,24.73285,24.89258,24.42074,24.42074,26.55721,24.63756,25.3769,26.55055,25.87677,23.01723,22.62885,23.42882,23.42882,21.82323,21.03718,21.03718,21.03718,25.73252,26.62616,25.60277,23.31948,24.73948,25.01915,23.87121,27.33732,25.092,25.03926,25.03926,24.21118,20.94126,19.82351,23.61641,20.47463,24.80548,22.66329,17.26038,18.03142,25.60115,17.26038,20.02499,23.90005,25.34893,24.12066,21.05992,21.82323,20.96638,26.4763,25.93756,21.96748,23.2011,23.36866,26.97975,26.97975,26.97975,26.96816,26.82515,25.99537,25.31573,27.40471,26.95408,27.3774,28.27901,27.04756,24.52803,27.41896,26.75326,26.07258,27.41214,25.92137,25.66214,25.12926,27.65814,27.04627,26.84162,26.33734,26.72134,26.96499,26.24501,27.10258,26.85132,24.8291,26.06904,27.20033,28.45274,25.10496,25.71786,24.41627,25.2277,24.39321,27.83934,24.09208,26.29967,28.42904,28.40929,26.88868,27.51438,27.74871,25.23307,28.77353,28.86449,27.49063,28.54107,28.76038,28.54107,27.49063,29.15863,27.65156
1984,26.39115,26.61918,26.41604,26.39115,26.52068,26.52068,26.52068,26.52068,26.28697,25.73855,26.53645,26.8353,26.4785,25.47369,25.47369,24.41563,27.85598,24.3741,28.49268,23.74128,28.36585,28.49268,26.5091,26.49563,28.29344,28.67257,25.55839,23.58852,25.37369,24.62486,22.34956,23.59598,24.25145,23.23505,24.62486,21.7788,23.11544,26.08757,25.0144,23.76984,24.1385,24.53697,23.79383,26.23787,24.69429,22.38749,21.4609,23.65254,23.32063,23.0421,21.4609,22.73934,23.03085,22.55309,23.59344,22.38014,22.45596,22.49443,24.87645,24.95719,24.77809,27.33137,26.92811,25.63669,25.23913,24.99221,25.23913,24.79377,24.56648,25.23913,25.90131,25.30358,25.37063,24.69519,26.11358,25.56948,25.90284,26.26563,25.07295,24.84639,25.88456,24.36079,24.69519,25.88811,26.48377,25.88811,25.32648,25.3782,24.69519,26.99691,26.99691,27.12781,26.95459,25.4873,27.27863,23.5177,26.84011,22.24169,21.84489,20.33262,23.08372,20.33262,22.86052,23.77227,22.67937,22.67937,22.41697,26.66869,25.82238,23.01738,22.10068,23.30014,26.69284,22.88333,24.3985,25.07372,20.18467,20.18467,19.59396,18.77445,19.3865,22.46727,22.53784,20.79358,26.03855,22.53784,23.13186,19.41869,29.93123,24.86164,26.34872,26.34872,25.36123,26.13361,25.73842,25.31216,24.77883,24.99434,24.99434,24.3212,24.3212,24.42601,24.35213,24.49049,24.13074,24.13074,26.17798,24.2556,24.99434,26.18932,25.51724,22.76915,22.37068,23.12385,23.12385,21.66582,20.89811,20.89811,20.89811,25.51464,26.33866,25.30413,23.07273,24.43525,24.72877,23.71738,26.9294,24.79459,24.71443,24.71443,24.04544,20.99208,19.93735,23.58975,20.57549,24.66052,22.65322,17.5506,18.28077,25.40413,17.5506,19.93721,23.77598,25.17779,23.98721,21.08869,21.66582,20.8615,26.00784,25.47224,21.8173,23.04779,23.21765,26.36145,26.36145,26.36145,26.37273,26.23669,25.39481,24.74402,26.79019,26.6835,27.10077,27.94847,26.78571,24.34459,27.15923,26.23997,25.79544,27.03183,25.60749,25.38609,24.84844,27.3409,26.68178,26.29686,25.7512,26.27262,26.35828,25.71456,26.54617,26.32464,24.29869,25.52992,26.6206,27.78443,24.56648,25.14669,23.93055,24.66863,23.87803,27.20036,23.61104,25.69852,27.75948,27.74497,26.26915,26.87751,27.10303,24.67432,28.09893,28.18749,26.85454,27.88861,28.10587,27.88861,26.85454,28.53806,27.05142
1985,25.93441,26.16532,25.96671,25.93441,26.07882,26.07882,26.07882,26.07882,25.87578,25.27932,26.13011,26.45866,26.04803,24.94362,24.94362,23.89019,27.36951,23.88392,27.94279,23.23074,27.83036,27.94279,25.97836,25.98375,27.77225,28.15326,25.00855,23.05425,24.87208,24.11575,21.80699,23.09252,23.74866,22.73888,24.11575,21.25981,22.60984,25.56956,24.47803,23.25159,23.6369,24.03814,23.29551,25.6991,24.18044,21.88866,20.93619,23.17526,22.81375,22.5451,20.93619,22.2369,22.55016,22.05356,23.12984,21.88414,21.94586,21.99321,24.36148,24.44395,24.26444,26.84005,26.42452,25.12896,24.72033,24.46304,24.72033,24.26956,24.03518,24.72033,25.37723,24.78564,24.84636,24.14274,25.52351,25.03803,25.37238,25.68268,24.48677,24.29638,25.33205,23.82581,24.14274,25.39186,25.94882,25.39186,24.79704,24.86397,24.14274,26.39258,26.39258,26.54781,26.39849,24.90866,26.68085,22.9686,26.23545,21.68068,21.26104,19.81742,22.61244,19.81742,22.28422,23.12479,22.03236,22.03236,21.77104,26.00866,25.20353,22.21142,21.32888,22.52737,25.94518,22.17238,23.6914,24.36255,19.41852,19.41852,18.83762,17.99638,18.66553,21.81559,21.96326,20.14879,25.67414,21.96326,22.55989,18.74729,29.48293,24.25595,25.7277,25.7277,24.80359,25.50463,25.06641,24.72027,24.25479,24.51921,24.51921,23.93573,23.93573,23.93926,23.90792,24.0657,23.59058,23.59058,25.6783,23.81879,24.51921,25.6446,25.00005,22.25038,21.86589,22.62633,22.62633,21.1434,20.38411,20.38411,20.38411,24.91378,25.74364,24.73784,22.55455,23.90545,24.19967,23.12934,26.39844,24.25975,24.182,24.182,23.4969,20.26167,19.19184,22.92471,19.86827,24.02942,21.96959,16.69055,17.44258,24.80296,16.69055,19.42879,23.23597,24.61444,23.43518,20.45888,21.1434,20.34551,25.58518,25.06005,21.30808,22.53893,22.70901,26.01773,26.01773,26.01773,26.01093,25.8714,25.06699,24.41258,26.4231,26.26712,26.68778,27.56712,26.37271,23.88112,26.74759,25.84584,25.36441,26.64104,25.18299,24.94986,24.40992,26.94142,26.29222,25.93211,25.39488,25.90795,26.00562,25.35107,26.18438,25.95466,23.95222,25.176,26.22548,27.35449,24.19411,24.7569,23.50978,24.27866,23.4834,26.80422,23.19534,25.32395,27.34668,27.3174,25.90005,26.46263,26.696,24.29545,27.69603,27.77715,26.4831,27.46063,27.68058,27.46063,26.4831,28.05096,26.64605
1986,25.99962,26.22956,26.05485,25.99962,26.14438,26.14438,26.14438,26.14438,25.9543,25.36,26.19816,26.5211,26.10858,24.92874,24.92874,23.8706,27.39942,23.86855,27.94773,23.20164,27.844,27.94773,25.96225,25.96647,27.77981,28.17532,24.98531,22.98745,24.82674,24.06879,21.72044,23.03885,23.68951,22.66458,24.06879,21.15986,22.53529,25.54342,24.44501,23.20216,23.60575,24.02085,23.24838,25.6869,24.16573,21.78984,20.82225,23.14181,22.75603,22.47526,20.82225,22.14512,22.51649,21.94534,23.10975,21.80425,21.87378,21.88378,24.36019,24.44874,24.26049,26.87301,26.45197,25.15693,24.74038,24.48118,24.74038,24.27038,24.03693,24.74038,25.38049,24.80173,24.85044,24.1646,25.60288,25.07526,25.41493,25.80959,24.57288,24.31068,25.37011,23.82258,24.1646,25.42948,25.99444,25.42948,24.83203,24.89534,24.1646,26.40685,26.40685,26.56268,26.40789,24.90901,26.70225,22.95597,26.25414,21.6611,21.25074,19.74816,22.56351,19.74816,22.27214,23.12616,22.01416,22.01416,21.7497,26.12614,25.21564,22.42556,21.48871,22.72164,26.16205,22.28707,23.83419,24.52247,19.52405,19.52405,18.92359,18.0763,18.70395,21.92605,21.93463,20.14951,25.79008,21.93463,22.55499,18.69534,29.60425,24.31942,25.84197,25.84197,24.85937,25.61197,25.1766,24.80455,24.28271,24.54381,24.54381,23.90945,23.90945,23.99789,23.96063,24.10649,23.61003,23.61003,25.69493,23.85682,24.54381,25.73307,25.05858,22.32019,21.92395,22.68008,22.68008,21.25819,20.4937,20.4937,20.4937,25.08447,25.88142,24.8374,22.63953,23.98241,24.29942,23.26351,26.49247,24.3514,24.25227,24.25227,23.68277,20.37989,19.30937,23.10901,20.00707,24.20195,22.12668,16.75003,17.53756,24.98455,16.75003,19.54296,23.42825,24.8146,23.62866,20.5897,21.25819,20.47729,25.69416,25.13912,21.44175,22.71737,22.89521,26.04258,26.04258,26.04258,26.02964,25.87836,25.07986,24.41088,26.47427,26.56189,26.98496,27.85816,26.68058,24.10592,27.08255,25.92225,25.59904,26.86778,25.38767,25.16247,24.59833,27.23099,26.51173,25.99142,25.45784,26.06784,26.03915,25.4154,26.26616,26.0277,24.0129,25.27227,26.28953,27.36863,24.23107,24.78301,23.55803,24.29578,23.52027,26.81537,23.25447,25.35296,27.36836,27.33323,25.9374,26.48099,26.71784,24.32622,27.73345,27.81066,26.53126,27.50036,27.73553,27.50036,26.53126,28.08208,26.71447
1987,26.75619,27.00474,26.78701,26.75619,26.9286,26.9286,26.9286,26.9286,26.74921,26.04997,27.02493,27.41575,26.91329,25.55822,25.55822,24.46551,28.19236,24.45315,28.70863,23.75641,28.61236,28.70863,26.6197,26.63619,28.55353,28.96803,25.61458,23.42975,25.41441,24.5849,22.09726,23.51762,24.17638,23.10047,24.5849,21.5126,22.972,26.18115,25.04836,23.73416,24.16756,24.62312,23.7757,26.35693,24.77419,22.16795,21.13049,23.68778,23.22951,22.92244,21.13049,22.54833,22.99488,22.32151,23.66559,22.20066,22.28129,22.25625,24.95622,25.04816,24.84468,27.65784,27.20219,25.83748,25.39296,25.10978,25.39296,24.87132,24.62397,25.39296,26.00529,25.46044,25.47159,24.73995,26.16696,25.70652,26.02986,26.36342,25.09762,24.88732,25.95899,24.39573,24.73995,26.13118,26.6603,26.13118,25.45627,25.55356,24.73995,26.93304,26.93304,27.09581,26.94545,25.38449,27.23318,23.42493,26.77945,22.06614,21.6131,20.07342,23.00178,20.07342,22.68011,23.50384,22.36655,22.36655,22.10019,26.58833,25.69044,22.64973,21.71515,22.99249,26.56767,22.58685,24.19318,24.89778,19.67512,19.67512,19.05647,18.14701,18.85444,22.23121,22.39715,20.4734,26.6309,22.39715,22.99518,18.92279,30.29104,24.71789,26.28934,26.28934,25.30463,26.04482,25.56797,25.23014,24.72293,25.03241,25.03241,24.40937,24.40937,24.45797,24.45008,24.60918,24.01096,24.01096,26.22003,24.34745,25.03241,26.21723,25.53477,22.78477,22.40008,23.20995,23.20995,21.63512,20.84537,20.84537,20.84537,25.54751,26.41847,25.37559,23.10255,24.51175,24.81868,23.65063,27.15038,24.87422,24.80044,24.80044,24.08433,20.56951,19.43164,23.39592,20.15315,24.59668,22.38997,16.7154,17.53841,25.428,16.7154,19.83575,23.78973,25.23104,24.00449,20.78937,21.63512,20.79441,26.41951,25.8834,21.81364,23.09652,23.27181,26.99918,26.99918,26.99918,26.9723,26.82258,26.01088,25.3146,27.39104,27.06964,27.51422,28.50652,27.18041,24.52345,27.56904,26.74701,26.12225,27.51296,25.94986,25.68679,25.12408,27.8209,27.18186,26.90959,26.38888,26.8566,26.99101,26.31438,27.14734,26.91159,24.87989,26.2106,27.33696,28.40844,25.16082,25.73334,24.4526,25.21085,24.39677,27.89893,24.10304,26.30022,28.39918,28.33181,26.904,27.47164,27.72748,25.23126,28.74468,28.83156,27.50962,28.45195,28.69622,28.45195,27.50962,28.91701,27.5837
1988,27.42814,27.67926,27.46885,27.42814,27.59232,27.59232,27.59232,27.59232,27.4079,26.69858,27.69033,28.07891,27.56041,26.01877,26.01877,24.89735,28.81221,24.87137,29.28049,24.1476,29.18194,29.28049,27.0859,27.10831,29.11423,29.56194,26.07585,23.65607,25.80708,24.8935,22.26311,23.80738,24.45484,23.335,24.8935,21.66891,23.21893,26.62872,25.47115,24.09098,24.55462,25.06044,24.12404,26.85276,25.21694,22.35437,21.24697,24.05787,23.50817,23.18216,21.24697,22.76429,23.27178,22.51158,24.05833,22.38459,22.48361,22.44355,25.41943,25.52828,25.28363,28.27366,27.79669,26.42456,25.95921,25.67995,25.95921,25.37967,25.1412,25.95921,26.49885,26.00754,25.97918,25.3012,26.64137,26.34607,26.61169,26.79858,25.51169,25.43497,26.49082,24.89402,25.3012,26.74937,27.34096,26.74937,26.06568,26.16986,25.3012,27.03003,27.03003,27.21199,27.0974,25.47607,27.31798,23.68817,26.92527,22.24227,21.71093,20.16689,23.18585,20.16689,22.82131,23.44112,22.29694,22.29694,22.06634,26.57492,25.77973,22.47721,21.54552,22.84161,26.41967,22.50292,24.13656,24.83874,19.49328,19.49328,18.89085,17.97,18.76128,22.45016,22.77175,20.62454,27.32566,22.77175,23.30642,18.9159,30.49366,24.58016,26.1232,26.1232,25.26265,25.86683,25.31096,25.10385,24.73648,25.13243,25.13243,24.65607,24.65607,24.49194,24.55855,24.75582,23.98754,23.98754,26.33541,24.48115,25.13243,26.18648,25.55522,23.27314,22.88809,23.74617,23.74617,22.07486,21.25817,21.25817,21.25817,25.95153,26.83967,25.85456,23.59563,25.05046,25.35205,24.05238,27.77096,25.40795,25.35768,25.35768,24.51421,20.54923,19.36716,23.6497,20.22642,24.90904,22.55057,16.44795,17.30462,25.82582,16.44795,20.22077,24.2562,25.69027,24.43893,21.04757,22.07486,21.19735,27.08199,26.50637,22.24926,23.60355,23.78372,27.6312,27.6312,27.6312,27.58503,27.4206,26.61399,25.8985,28.04117,27.9185,28.38749,29.38858,28.06235,25.19697,28.49831,27.39383,26.88055,28.3368,26.67306,26.40456,25.79992,28.7032,27.97855,27.55658,27.01852,27.60426,27.63016,26.93489,27.81697,27.57049,25.45847,26.88568,28.03036,29.06672,25.77907,26.35473,25.04773,25.79708,25.01287,28.69997,24.69694,26.91175,29.06451,28.98497,27.54098,28.09221,28.37669,25.80697,29.43224,29.51153,28.15546,29.10989,29.35825,29.10989,28.15546,29.54076,28.24721
1989,27.13205,27.38529,27.19764,27.13205,27.31962,27.31962,27.31962,27.31962,27.17899,26.40225,27.42767,27.85989,27.29282,25.48649,25.48649,24.34745,28.41222,24.41712,28.73384,23.6246,28.65847,28.73384,26.54696,26.61296,28.62463,29.08323,25.47792,23.08367,25.30858,24.38641,21.65019,23.28553,23.94838,22.81833,24.38641,21.0803,22.6789,26.10858,24.89545,23.53312,24.04674,24.56334,23.60726,26.28699,24.69077,21.80923,20.64126,23.59364,22.9791,22.66219,20.64126,22.21822,22.81707,21.95808,23.63386,21.86077,21.94381,21.88616,24.93948,25.05622,24.80677,27.87603,27.36811,25.98285,25.48923,25.18986,25.48923,24.87321,24.62564,25.48923,26.02419,25.53164,25.47921,24.78655,26.22326,25.89644,26.17427,26.52449,25.15326,24.90984,26.03945,24.3686,24.78655,26.33989,26.89616,26.33989,25.60581,25.72299,24.78655,26.53603,26.53603,26.74334,26.64688,24.97148,26.84052,23.16721,26.44882,21.69216,21.15038,19.62038,22.75888,19.62038,22.27734,22.86332,21.68367,21.68367,21.4771,26.12948,25.26786,21.95748,20.99833,22.35027,25.95441,21.97882,23.66951,24.38918,18.85679,18.85679,18.23611,17.26984,18.0669,22.06134,22.22616,20.03129,27.214,22.22616,22.77134,18.20679,30.32,24.08279,25.66501,25.66501,24.83115,25.38975,24.77422,24.6431,24.32151,24.7931,24.7931,24.38184,24.38184,24.13786,24.264,24.48162,23.53479,23.53479,25.95805,24.18638,24.7931,25.79921,25.1763,22.92444,22.51348,23.35838,23.35838,21.8474,21.00978,21.00978,21.00978,25.81515,26.59556,25.53896,23.30745,24.68121,25.036,23.82441,27.42362,25.08715,24.99299,24.99299,24.44822,20.02041,18.79866,23.3983,19.78521,24.71189,22.20323,15.6549,16.57844,25.71808,15.6549,20.05419,24.27945,25.64638,24.41586,20.78096,21.8474,21.05605,26.88041,26.26627,21.99496,23.48995,23.68997,27.42137,27.42137,27.42137,27.33795,27.15625,26.40351,25.6674,27.822,27.87715,28.34833,29.43847,28.00712,25.07721,28.43268,27.17668,26.76915,28.26436,26.53408,26.26145,25.62978,28.65625,27.91077,27.38301,26.88389,27.53395,27.4306,26.77016,27.63951,27.38649,25.31753,26.84288,27.99258,28.89674,25.70592,26.24323,24.96882,25.65641,24.95329,28.71255,24.61849,26.74205,28.89195,28.77156,27.3806,27.90764,28.21332,25.64836,29.23364,29.31263,27.99397,28.87589,29.13074,28.87589,27.99397,29.14975,28.00501
1990,27.0654,27.32373,27.11142,27.0654,27.24208,27.24208,27.24208,27.24208,27.07359,26.34863,27.36638,27.76545,27.22679,25.78704,25.78704,24.67011,28.52814,24.65025,29.02836,23.93449,28.92666,29.02836,26.85647,26.88186,28.86688,29.30866,25.84885,23.4803,25.60641,24.71077,22.1029,23.62715,24.2826,23.17589,24.71077,21.52433,23.05225,26.40781,25.25466,23.89784,24.35595,24.84658,23.93608,26.61625,25.00351,22.21137,21.10951,23.86567,23.33027,23.01167,21.10951,22.61085,23.08644,22.37115,23.85197,22.23951,22.32181,22.30321,25.1477,25.23879,25.02167,27.95825,27.482,26.0857,25.6217,25.32641,25.6217,25.06732,24.81326,25.6217,26.18904,25.68729,25.68332,24.93063,26.30121,25.94819,26.23923,26.49447,25.20814,25.07353,26.1423,24.57293,24.93063,26.3983,26.92312,26.3983,25.68723,25.80074,24.93063,26.83677,26.83677,27.02077,26.90548,25.2943,27.12592,23.46951,26.72868,22.04521,21.52795,20.03595,23.03989,20.03595,22.63233,23.29082,22.16019,22.16019,21.93071,26.37458,25.59496,22.28236,21.36885,22.65732,26.21071,22.32014,23.94447,24.64362,19.31811,19.31811,18.71129,17.78074,18.56274,22.19619,22.50293,20.39666,27.00282,22.50293,23.04732,18.74877,30.28153,24.4194,25.93605,25.93605,25.10277,25.6831,25.12877,24.93301,24.59156,24.98647,24.98647,24.53334,24.53334,24.33668,24.40819,24.60874,23.85184,23.85184,26.17195,24.33458,24.98647,26.00732,25.39025,22.9637,22.5814,23.42386,23.42386,21.78447,20.98559,20.98559,20.98559,25.6791,26.54132,25.52756,23.29208,24.70907,25.01926,23.76238,27.36732,25.07888,25.01351,25.01351,24.22545,20.32562,19.14718,23.3769,19.98784,24.64915,22.30633,16.28975,17.13189,25.55364,16.28975,19.96945,23.95101,25.39658,24.14307,20.77181,21.78447,20.91984,26.75803,26.19403,21.97603,23.31493,23.49537,27.31641,27.31641,27.31641,27.26663,27.10282,26.31066,25.59964,27.72896,27.60036,28.06129,29.04671,27.74573,24.89389,28.18468,27.06649,26.56521,28.01441,26.36312,26.09099,25.49348,28.37962,27.65762,27.23696,26.72099,27.28027,27.31318,26.62329,27.49592,27.24189,25.1751,26.56942,27.68315,28.8229,25.50323,26.08241,24.77049,25.55312,24.74655,28.38729,24.43189,26.63293,28.80058,28.73627,27.24595,27.85022,28.11345,25.54427,29.12937,29.22178,27.85564,28.83956,29.06838,28.83956,27.85564,29.27334,27.94321
1991,26.73036,26.99222,26.7937,26.73036,26.92627,26.92627,26.92627,26.92627,26.80696,26.01142,27.11638,27.56318,26.92679,25.25578,25.25578,24.14756,28.10211,24.12351,28.51334,23.39208,28.42753,28.51334,26.2983,26.32718,28.36184,28.83074,25.30699,22.85329,25.00241,24.11501,21.44975,23.02907,23.66427,22.53937,24.11501,20.85132,22.41447,25.83942,24.69721,23.31282,23.80164,24.32622,23.34838,26.09159,24.48441,21.51888,20.38326,23.31507,22.7297,22.39049,20.38326,21.93764,22.53195,21.66255,23.33233,21.5831,21.68345,21.59096,24.64504,24.74764,24.50696,27.55641,27.06123,25.66951,25.18767,24.88641,25.18767,24.58762,24.33592,25.18767,25.67866,25.24595,25.19644,24.46559,25.76564,25.51553,25.77326,25.94449,24.6589,24.59937,25.63797,24.08364,24.46559,26.00477,26.49732,26.00477,25.25441,25.38989,24.46559,26.15896,26.15896,26.36351,26.26381,24.63627,26.45427,22.86014,26.03148,21.41929,20.88123,19.41123,22.43005,19.41123,21.9817,22.56518,21.43866,21.43866,21.18877,25.68701,24.88677,21.50408,20.60858,21.90855,25.55611,21.61137,23.24704,23.94907,18.54707,18.54707,17.94419,16.9906,17.82995,21.52255,21.92855,19.72951,26.84816,21.92855,22.46104,18.00468,30.01151,24.09666,25.7249,25.7249,24.74375,25.46005,24.93241,24.6406,24.16263,24.54334,24.54334,23.96279,23.96279,23.93619,23.97718,24.16701,23.39855,23.39855,25.62967,23.87252,24.54334,25.68573,25.00304,22.49825,22.14526,23.01244,23.01244,21.27488,20.49214,20.49214,20.49214,25.05353,25.96841,25.00589,22.81148,24.24942,24.5497,23.15408,26.92378,24.59616,24.54849,24.54849,23.64471,19.59348,18.40219,22.67523,19.24364,23.98688,21.58926,15.38,16.26099,24.91855,15.38,19.43534,23.34211,24.7897,23.53463,20.08011,21.27488,20.37745,26.46995,25.92447,21.50734,22.81479,22.9897,27.16301,27.16301,27.16301,27.09416,26.92433,26.15756,25.42688,27.54151,27.31753,27.79375,28.84573,27.48592,24.51132,27.94603,26.84641,26.26444,27.79126,26.08178,25.78458,25.18512,28.16088,27.44995,27.07493,26.55666,27.12647,27.15312,26.46441,27.33685,27.07707,25.00734,26.42795,27.52175,28.50337,25.28077,25.83468,24.54803,25.27671,24.51425,28.13937,24.20718,26.40696,28.52011,28.41271,27.0437,27.54984,27.84011,25.30627,28.88805,28.95912,27.65849,28.53197,28.79186,28.53197,27.65849,28.84573,27.69071
1992,27.09516,27.34751,27.14609,27.09516,27.27342,27.27342,27.27342,27.27342,27.11574,26.3976,27.3865,27.79322,27.26016,25.75724,25.75724,24.6623,28.50079,24.56954,29.0121,23.88975,28.90511,29.0121,26.81516,26.8121,28.8291,29.28019,25.85281,23.3956,25.50328,24.60377,22.02516,23.53137,24.15743,23.04429,24.60377,21.41317,22.93721,26.34374,25.23473,23.84653,24.29123,24.79735,23.8532,26.60762,24.97464,22.05738,20.97046,23.77325,23.2359,22.89459,20.97046,22.47189,22.97421,22.21044,23.7577,22.09691,22.20372,22.14219,25.10148,25.19992,24.9626,27.95492,27.48344,26.10044,25.64139,25.35686,25.64139,25.06566,24.82325,25.64139,26.13768,25.70464,25.66831,24.9779,26.30904,25.98096,26.2415,26.5027,25.22579,25.09822,26.13158,24.57964,24.9779,26.40855,26.95563,26.40855,25.72038,25.82399,24.9779,26.62918,26.62918,26.81066,26.69623,25.11445,26.91484,23.37984,26.52306,21.96052,21.43383,19.91339,22.85806,19.91339,22.52142,23.11658,22.00459,22.00459,21.78189,26.22937,25.4062,22.28205,21.36667,22.62751,26.10519,22.28473,23.87527,24.56213,19.37322,19.37322,18.79044,17.90462,18.65844,22.29109,22.49574,20.44866,26.99689,22.49574,23.02153,18.72336,30.1568,24.47057,26.03945,26.03945,25.08402,25.79246,25.29697,24.97861,24.51317,24.84604,24.84604,24.26642,24.26642,24.23404,24.24801,24.42866,23.78317,23.78317,25.98418,24.15495,24.84604,25.98249,25.3144,23.05322,22.66648,23.51396,23.51396,21.92779,21.1265,21.1265,21.1265,25.745,26.56541,25.58164,23.38964,24.77648,25.09437,23.88497,27.39749,25.14989,25.07421,25.07421,24.35508,20.42951,19.28046,23.51328,20.14896,24.72787,22.41571,16.43732,17.27347,25.64066,16.43732,20.13893,24.16087,25.53689,24.31475,20.99984,21.92779,21.09855,26.80464,26.25393,22.10104,23.45566,23.63852,27.35732,27.35732,27.35732,27.31366,27.15366,26.34787,25.63757,27.76189,27.60661,28.0579,29.01765,27.73885,24.9779,28.15852,27.11426,26.59937,28.01429,26.40117,26.13533,25.54921,28.35918,27.65363,27.26128,26.73005,27.26145,27.34924,26.64221,27.51921,27.26503,25.17257,26.53883,27.6591,28.83432,25.47128,26.06134,24.74311,25.5391,24.74082,28.32593,24.42475,26.64003,28.81421,28.75639,27.25945,27.86331,28.12104,25.54328,29.15221,29.24238,27.87194,28.85571,29.08708,28.85571,27.87194,29.24464,27.96183
1993,26.8734,27.11266,26.94526,26.8734,27.03803,27.03803,27.03803,27.03803,26.89942,26.23123,27.15663,27.52625,27.02058,25.70485,25.70485,24.62058,28.28622,24.6009,28.81597,23.92532,28.70973,28.81597,26.7729,26.78052,28.65882,29.05101,25.76956,23.68679,25.60652,24.79677,22.38926,23.74353,24.4091,23.3597,24.79677,21.81948,23.23142,26.34351,25.2163,23.93411,24.33573,24.7663,23.97219,26.48937,24.91444,22.46605,21.46855,23.85548,23.45236,23.17036,21.46855,22.83614,23.18173,22.63545,23.81855,22.46233,22.53499,22.57271,25.11852,25.21356,25.00778,27.75975,27.31951,25.9829,25.55195,25.28885,25.55195,25.05512,24.81934,25.55195,26.17353,25.61326,25.64214,24.95101,26.32501,25.88877,26.20468,26.48279,25.24625,25.10126,26.13942,24.59625,24.95101,26.26595,26.83992,26.26595,25.63775,25.71605,24.95101,27.0174,27.0174,27.18822,27.05197,25.50595,27.3123,23.60674,26.88008,22.25641,21.79178,20.30762,23.20438,20.30762,22.85386,23.61512,22.50173,22.50173,22.24326,26.62121,25.80384,22.73701,21.81134,23.04444,26.5211,22.69863,24.2626,24.95019,19.85367,19.85367,19.26436,18.41427,19.11575,22.46296,22.60836,20.69526,26.84151,22.60836,23.20945,19.17912,30.31173,24.86332,26.38644,26.38644,25.43893,26.15559,25.69647,25.34173,24.87315,25.15726,25.15726,24.57181,24.57181,24.54466,24.52049,24.69323,24.17693,24.17693,26.32627,24.43153,25.15726,26.30408,25.64186,23.02584,22.64915,23.45896,23.45896,21.88707,21.10786,21.10786,21.10786,25.68249,26.54093,25.53625,23.33148,24.72879,25.03605,23.86781,27.29986,25.08501,25.00751,25.00751,24.25652,20.77658,19.67729,23.62847,20.4443,24.75405,22.61101,17.05047,17.83699,25.56901,17.05047,20.10348,23.99682,25.41192,24.19518,21.09233,21.88707,21.03775,26.60195,26.08167,22.08986,23.37447,23.54784,27.11674,27.11674,27.11674,27.10732,26.96068,26.11858,25.43142,27.50164,27.48403,27.93479,28.85455,27.63671,24.90712,28.07627,26.94249,26.49364,27.84825,26.28688,26.04315,25.46085,28.24666,27.52688,27.08167,26.52356,27.10564,27.12036,26.48197,27.3186,27.09962,25.03244,26.3726,27.50879,28.4731,25.31866,25.87838,24.65622,25.33882,24.57589,28.09389,24.30389,26.40118,28.47178,28.38312,27.00633,27.5431,27.81427,25.34759,28.81603,28.89542,27.60463,28.52003,28.76704,28.52003,27.60463,28.99359,27.6854
1994,26.51071,26.74534,26.54868,26.51071,26.64953,26.64953,26.64953,26.64953,26.43482,25.82307,26.70581,27.03526,26.60408,25.28375,25.28375,24.20474,27.88214,24.16874,28.40247,23.49238,28.298,28.40247,26.31129,26.3177,28.2206,28.642,25.34718,23.16844,25.10712,24.30677,21.8554,23.25329,23.89978,22.83545,24.30677,21.27532,22.71263,25.87682,24.77471,23.46814,23.89403,24.34751,23.4994,26.0769,24.50616,21.9086,20.87871,23.40795,22.96693,22.6606,20.87871,22.29197,22.71496,22.06721,23.38244,21.92984,22.0157,22.00208,24.70984,24.80893,24.58663,27.35041,26.91362,25.61523,25.18397,24.92896,25.18397,24.66315,24.43984,25.18397,25.74822,25.22786,25.24088,24.59797,25.9163,25.56962,25.84285,26.05342,24.82844,24.73482,25.75441,24.20893,24.59797,25.9137,26.52197,25.9137,25.30304,25.38074,24.59797,26.41816,26.41816,26.60041,26.47986,24.93033,26.70247,23.12205,26.286,21.75493,21.26707,19.80723,22.68205,19.80723,22.32811,22.99852,21.92186,21.92186,21.67225,26.01436,25.2031,22.15378,21.25912,22.4937,25.97321,22.13501,23.69378,24.37293,19.29751,19.29751,18.71296,17.83844,18.55479,21.95485,22.22611,20.22759,26.24529,22.22611,22.7514,18.65827,29.85584,24.40636,25.94625,25.94625,24.97636,25.7106,25.25425,24.89334,24.40192,24.69159,24.69159,24.07819,24.07819,24.09175,24.0674,24.23989,23.70156,23.70156,25.79271,23.968,24.69159,25.84477,25.17373,22.62351,22.23899,23.04321,23.04321,21.45093,20.67411,20.67411,20.67411,25.234,26.09562,25.13482,22.92808,24.34263,24.62948,23.41562,26.92249,24.69033,24.63493,24.63493,23.81033,20.24318,19.12203,23.08488,19.86663,24.27049,22.06992,16.44685,17.23973,25.11211,16.44685,19.6729,23.53879,24.9554,23.7317,20.56789,21.45093,20.60301,26.13929,25.57403,21.63082,22.89778,23.0706,26.56825,26.56825,26.56825,26.54726,26.39493,25.58948,24.90981,26.98956,26.91652,27.34723,28.22315,27.04614,24.36205,27.46814,26.39351,25.94164,27.28427,25.7406,25.4946,24.92216,27.62699,26.91022,26.47422,25.92923,26.50145,26.5614,25.87962,26.75474,26.50948,24.44959,25.74258,26.77641,27.82422,24.60578,25.18838,23.94041,24.67153,23.85252,27.23981,23.60836,25.81123,27.84734,27.80058,26.41778,26.92219,27.1797,24.74027,28.26882,28.33597,27.0183,27.97638,28.23945,27.97638,27.0183,28.56501,27.21795
1995,26.47833,26.71852,26.53753,26.47833,26.65016,26.65016,26.65016,26.65016,26.50438,25.8194,26.77674,27.16433,26.64211,25.27929,25.27929,24.20392,27.86704,24.17433,28.37899,23.50263,28.27841,28.37899,26.322,26.3249,28.21712,28.62466,25.34255,23.20792,25.13132,24.32742,21.90674,23.27901,23.92696,22.87115,24.32742,21.3269,22.74764,25.88595,24.78049,23.49008,23.90712,24.34603,23.52482,26.06282,24.50227,21.96104,20.9549,23.42285,22.99381,22.69066,20.9549,22.33348,22.74337,22.11567,23.3917,21.98532,22.06471,22.05216,24.70008,24.79129,24.58671,27.34745,26.90468,25.57452,25.14121,24.87266,25.14121,24.63115,24.39625,25.14121,25.73173,25.20271,25.21814,24.52614,25.904,25.46266,25.7663,26.08986,24.85353,24.67082,25.70214,24.17063,24.52614,25.86203,26.40386,25.86203,25.21789,25.30485,24.52614,26.59877,26.59877,26.76666,26.62268,25.09301,26.89247,23.18247,26.45063,21.84644,21.40351,19.88907,22.74499,19.88907,22.44732,23.23515,22.13003,22.13003,21.86241,26.26655,25.38682,22.47419,21.54433,22.7929,26.29622,22.38175,23.94978,24.64227,19.55301,19.55301,18.94836,18.07271,18.7503,22.05225,22.20022,20.30107,26.37337,22.20022,22.78422,18.79184,29.90071,24.51474,26.05742,26.05742,25.06907,25.822,25.37359,25.00882,24.48792,24.7626,24.7626,24.12353,24.12353,24.20458,24.17112,24.32362,23.80233,23.80233,25.90978,24.06501,24.7626,25.95512,25.2743,22.60877,22.23797,23.04137,23.04137,21.4623,20.69499,20.69499,20.69499,25.278,26.14474,25.13112,22.91153,24.30658,24.60674,23.4343,26.86134,24.66036,24.586,24.586,23.82805,20.43532,19.33249,23.19655,20.03452,24.35422,22.21263,16.70271,17.50145,25.16005,16.70271,19.68359,23.53003,24.96425,23.74342,20.63748,21.4623,20.61425,26.19386,25.67989,21.67247,22.91268,23.08326,26.76244,26.76244,26.76244,26.74184,26.59438,25.78036,25.08608,27.14518,26.90027,27.33841,28.25764,27.02959,24.37126,27.44195,26.53055,25.9574,27.32652,25.78603,25.52534,24.9689,27.64258,26.97595,26.64912,26.10477,26.60526,26.74244,26.05252,26.91904,26.66822,24.61701,25.87025,26.92551,27.99885,24.79184,25.36263,24.1083,24.85162,24.0566,27.45134,23.78556,25.98241,28.01978,27.9546,26.59145,27.09504,27.35392,24.90808,28.40696,28.47515,27.19679,28.10781,28.35948,28.10781,27.19679,28.57225,27.30836
1996,26.46205,26.71546,26.49675,26.46205,26.64399,26.64399,26.64399,26.64399,26.49432,25.76809,26.78566,27.1891,26.64628,25.30025,25.30025,24.22243,27.92027,24.18011,28.44014,23.50615,28.34186,28.44014,26.35361,26.36732,28.28708,28.69568,25.37541,23.1288,25.13921,24.28066,21.80951,23.22902,23.86962,22.80148,24.28066,21.23156,22.68404,25.91257,24.80413,23.4873,23.91057,24.37183,23.51328,26.10735,24.52997,21.87683,20.84311,23.42268,22.94492,22.63571,20.84311,22.26057,22.69208,22.03273,23.39533,21.9041,21.98842,21.96811,24.66617,24.75046,24.55016,27.38131,26.92486,25.55489,25.11301,24.82593,25.11301,24.58732,24.33893,25.11301,25.68768,25.18699,25.1853,24.44057,25.78891,25.39005,25.69011,25.9582,24.73096,24.58686,25.61429,24.11246,24.44057,25.84213,26.3324,25.84213,25.14943,25.26079,24.44057,26.50191,26.50191,26.67205,26.5371,24.99262,26.7947,23.10587,26.34888,21.75328,21.28462,19.7868,22.66847,19.7868,22.34336,23.10811,22.00776,22.00776,21.75268,26.09915,25.26959,22.20257,21.31374,22.55511,26.07415,22.18719,23.75623,24.44052,19.33068,19.33068,18.73311,17.84251,18.55429,21.87672,22.13016,20.20281,26.32579,22.13016,22.68347,18.66257,29.76257,24.24339,25.75877,25.75877,24.84607,25.51511,25.02169,24.75071,24.30008,24.6294,24.6294,24.0603,24.0603,24.05172,24.05861,24.22257,23.59817,23.59817,25.8082,23.96503,24.6294,25.74462,25.09724,22.4956,22.13615,22.95587,22.95587,21.33377,20.56216,20.56216,20.56216,25.1329,26.00587,25.00549,22.7974,24.19262,24.48224,23.27902,26.77186,24.53956,24.48197,24.48197,23.6688,20.21579,19.09317,22.97366,19.7924,24.18342,21.99861,16.41541,17.22232,25.00568,16.41541,19.55093,23.36205,24.79057,23.57363,20.43538,21.33377,20.4738,26.16055,25.65273,21.52254,22.7679,22.93519,26.78033,26.78033,26.78033,26.75399,26.6065,25.79831,25.10667,27.16951,26.7985,27.23585,28.1535,26.92932,24.24055,27.34658,26.50232,25.85391,27.24885,25.68746,25.41937,24.86158,27.55579,26.89669,26.64407,26.14702,26.53923,26.75973,26.04194,26.8994,26.6432,24.63546,25.85836,26.96429,28.23566,24.9165,25.5082,24.1647,25.02525,24.17115,27.67344,23.83667,26.08587,28.20612,28.16713,26.6782,27.29516,27.53025,25.02123,28.51249,28.6085,27.28309,28.26063,28.46822,28.26063,27.28309,28.65648,27.35391
1997,26.62304,26.87101,26.68784,26.62304,26.79951,26.79951,26.79951,26.79951,26.65274,25.93641,26.9157,27.31216,26.78104,25.25666,25.25666,24.15433,27.98408,24.17868,28.41085,23.44945,28.32715,28.41085,26.31085,26.34247,28.27992,28.71068,25.28093,23.08932,25.10353,24.27693,21.73129,23.20219,23.86323,22.77704,24.27693,21.15003,22.63808,25.87326,24.71622,23.40167,23.86384,24.33504,23.4577,26.04121,24.47696,21.81499,20.74425,23.39737,22.90353,22.59882,20.74425,22.20268,22.70767,21.96389,23.40296,21.86003,21.93795,21.89545,24.68485,24.78745,24.56764,27.44896,26.97767,25.62027,25.15877,24.87241,25.15877,24.60436,24.35967,25.15877,25.72995,25.21605,25.20444,24.4991,25.93614,25.50342,25.81844,26.18159,24.87537,24.63874,25.72866,24.12137,24.4991,25.93595,26.46556,25.93595,25.24553,25.34704,24.4991,26.5206,26.5206,26.70964,26.58293,24.9903,26.82663,23.0814,26.38452,21.6949,21.22307,19.71896,22.70337,19.71896,22.29699,23.03567,21.88644,21.88644,21.63392,26.18068,25.27468,22.24595,21.29847,22.59775,26.17729,22.18638,23.81356,24.52315,19.22811,19.22811,18.60932,17.69249,18.40836,21.98364,22.07408,20.08984,26.60847,22.07408,22.67901,18.45085,30.23581,24.52005,26.1511,26.1511,25.11647,25.89808,25.41518,25.04767,24.5126,24.83304,24.83304,24.20005,24.20005,24.25375,24.2529,24.42427,23.77619,23.77619,25.93521,24.14038,24.83304,26.04504,25.33981,22.63362,22.24249,23.05167,23.05167,21.5411,20.74833,20.74833,20.74833,25.42647,26.24638,25.19493,22.97455,24.34912,24.68263,23.51542,26.98304,24.72734,24.63411,24.63411,24.02844,20.21578,19.06726,23.22395,19.87164,24.43718,22.14937,16.2057,17.06847,25.32101,16.2057,19.77044,23.78189,25.18488,23.96474,20.6269,21.5411,20.7291,26.37022,25.79499,21.73055,23.09589,23.28132,26.85381,26.85381,26.85381,26.80203,26.63249,25.85318,25.13888,27.27244,27.29759,27.74699,28.7251,27.43586,24.63268,27.87175,26.65277,26.258,27.66063,26.04641,25.78526,25.18967,28.04896,27.30868,26.80301,26.30408,26.906,26.85638,26.21019,27.07416,26.81699,24.78501,26.16433,27.26526,28.29567,25.09614,25.64679,24.38641,25.1151,24.3926,27.89942,24.06784,26.18041,28.28444,28.20397,26.79321,27.35033,27.61616,25.12019,28.6194,28.70208,27.40288,28.33567,28.57855,28.33567,27.40288,28.71047,27.48033
1998,27.22753,27.48805,27.23608,27.22753,27.39203,27.39203,27.39203,27.39203,27.15932,26.47619,27.46729,27.83995,27.36773,26.1594,26.1594,25.04112,28.81616,25.02145,29.41332,24.31274,29.31093,29.41332,27.26879,27.28567,29.23877,29.67058,26.24356,24.00027,26.04967,25.19742,22.638,24.10934,24.78784,23.69548,25.19742,22.06556,23.56115,26.82627,25.65899,24.32082,24.75797,25.22482,24.36625,27.00044,25.38068,22.75008,21.67973,24.26704,23.79986,23.50685,21.67973,23.14178,23.53099,22.92647,24.23679,22.74748,22.81808,22.85871,25.48137,25.56227,25.36825,28.20425,27.74315,26.32948,25.87345,25.57614,25.87345,25.37318,25.10482,25.87345,26.52825,25.95301,26.00447,25.18951,26.5923,26.17159,26.5186,26.74008,25.46249,25.35937,26.43742,24.87356,25.18951,26.62066,27.14701,26.62066,25.92362,26.02666,25.18951,27.36225,27.36225,27.57438,27.46197,25.83142,27.68036,23.88523,27.21192,22.47307,21.96904,20.50096,23.54082,20.50096,23.07378,23.80759,22.66751,22.66751,22.39293,26.88321,26.08252,22.79937,21.88132,23.17115,26.84156,22.80816,24.43803,25.14945,19.82567,19.82567,19.20748,18.28614,19.02967,22.48211,22.78847,20.74847,26.9577,22.78847,23.42575,19.18575,30.93573,25.10474,26.66214,26.66214,25.76236,26.4083,25.87197,25.62893,25.22041,25.58225,25.58225,25.06649,25.06649,24.9483,24.97247,25.16668,24.48334,24.48334,26.76882,24.88532,25.58225,26.69,26.03822,23.12318,22.73381,23.57315,23.57315,21.91658,21.11353,21.11353,21.11353,25.85762,26.78542,25.74671,23.43784,24.89167,25.18819,23.94195,27.60252,25.24452,25.19052,25.19052,24.36923,20.75945,19.59696,23.62762,20.31038,24.87049,22.59984,16.78392,17.6263,25.7271,16.78392,20.08268,24.05901,25.52458,24.27197,20.99523,21.91658,21.04721,26.824,26.25625,22.08126,23.38411,23.55912,27.35885,27.35885,27.35885,27.33192,27.1766,26.34899,25.64058,27.79874,27.46364,27.91252,28.89077,27.57855,24.85173,27.98458,27.10997,26.49668,27.91173,26.32208,26.05279,25.47992,28.21551,27.54104,27.24307,26.73288,27.19321,27.34485,26.63219,27.51236,27.25351,25.18395,26.48181,27.61753,28.88348,25.49458,26.10077,24.71652,25.60044,24.72959,28.31436,24.38962,26.67559,28.85882,28.82934,27.28444,27.92233,28.16526,25.59151,29.19573,29.29079,27.90732,28.96677,29.18526,28.96677,27.90732,29.56381,28.05005
1999,26.51847,26.78208,26.54184,26.51847,26.69786,26.69786,26.69786,26.69786,26.49921,25.77118,26.83323,27.24619,26.68989,25.38003,25.38003,24.27863,28.06726,24.25167,28.62605,23.54162,28.52359,28.62605,26.44948,26.47285,28.44033,28.90225,25.4703,23.148,25.20403,24.37074,21.77658,23.28808,23.94641,22.84932,24.37074,21.20159,22.71408,26.00663,24.86811,23.51638,23.97575,24.47625,23.55658,26.23337,24.63389,21.86696,20.75964,23.49282,22.98677,22.67751,20.75964,22.27195,22.74403,22.03167,23.47874,21.88997,21.97132,21.96088,24.70038,24.7757,24.57822,27.45288,26.98181,25.57323,25.10945,24.79948,25.10945,24.59186,24.31858,25.10945,25.70775,25.18926,25.22085,24.38241,25.71512,25.38589,25.69219,25.86551,24.60907,24.54455,25.58734,24.08205,24.38241,25.87767,26.34663,25.87767,25.14263,25.26874,24.38241,26.37638,26.37638,26.60392,26.51526,24.88274,26.68532,23.03115,26.22499,21.61036,21.07636,19.68699,22.7106,19.68699,22.17814,22.82222,21.71153,21.71153,21.44342,25.89022,25.08866,21.83468,20.94211,22.23049,25.87811,21.87504,23.49844,24.19784,18.87929,18.87929,18.26101,17.31033,18.09885,21.56096,21.9809,19.89493,26.37488,21.9809,22.54682,18.25904,30.22167,24.39627,25.99025,25.99025,25.03745,25.73195,25.2094,24.92745,24.46893,24.83732,24.83732,24.26953,24.26953,24.20921,24.22353,24.4206,23.71512,23.71512,25.9169,24.12304,24.83732,25.96321,25.29285,22.33975,21.98537,22.8391,22.8391,21.12921,20.34156,20.34156,20.34156,24.96912,25.89307,24.8917,22.64044,24.07797,24.35668,23.04584,26.77666,24.41107,24.38071,24.38071,23.48501,19.80471,18.6286,22.64795,19.34044,23.95318,21.64611,15.76036,16.61532,24.82348,15.76036,19.30186,23.13129,24.59,23.35751,20.0303,21.12921,20.23526,26.15299,25.60732,21.3003,22.57334,22.74003,26.8054,26.8054,26.8054,26.74655,26.58414,25.81529,25.09795,27.21411,26.7814,27.23367,28.22307,26.91351,24.1117,27.33485,26.48649,25.80458,27.27405,25.64753,25.35674,24.78951,27.56655,26.90715,26.64932,26.14589,26.60726,26.78088,26.04315,26.93441,26.65619,24.60063,25.92926,26.9811,28.14948,24.8097,25.40863,24.04526,24.89156,24.042,27.55953,23.73386,26.04816,28.16866,28.11216,26.66767,27.21507,27.47732,24.93605,28.56192,28.63112,27.28348,28.25833,28.5049,28.25833,27.28348,28.80816,27.4137
2000,26.60981,26.86429,26.66776,26.60981,26.78672,26.78672,26.78672,26.78672,26.6223,25.91598,26.91784,27.31598,26.7747,25.41749,25.41749,24.31937,28.09082,24.28945,28.62986,23.5906,28.5276,28.62986,26.48205,26.49738,28.45216,28.89945,25.4971,23.21202,25.24708,24.41137,21.85604,23.33811,23.99213,22.9027,24.41137,21.27842,22.77333,26.03948,24.90495,23.56787,24.01544,24.49639,23.60563,26.24945,24.65541,21.9432,20.86423,23.52893,23.03943,22.73109,20.86423,22.33803,22.79549,22.10238,23.51104,21.97287,22.04852,22.03388,24.76809,24.85456,24.64735,27.5071,27.04235,25.65617,25.19948,24.90336,25.19948,24.67798,24.41751,25.19948,25.78776,25.27161,25.29475,24.51536,25.89844,25.505,25.81205,26.09757,24.82607,24.66462,25.71934,24.1832,24.51536,25.95765,26.46268,25.95765,25.25806,25.36451,24.51536,26.51178,26.51178,26.72249,26.61642,25.01265,26.82213,23.14844,26.36833,21.7506,21.24128,19.78126,22.76822,19.78126,22.32973,23.00986,21.90175,21.90175,21.64251,26.12082,25.25167,22.21366,21.29429,22.57508,26.15156,22.16708,23.77956,24.47817,19.24727,19.24727,18.63347,17.7191,18.43038,21.91213,22.12926,20.14153,26.5373,22.12926,22.70044,18.49189,30.16817,24.43787,26.01421,26.01421,25.06399,25.76085,25.24803,24.96549,24.49888,24.84915,24.84915,24.27675,24.27675,24.25128,24.26071,24.44276,23.7653,23.7653,25.96937,24.15902,24.84915,25.99112,25.32189,22.57516,22.20336,23.0353,23.0353,21.44128,20.65358,20.65358,20.65358,25.3023,26.15268,25.12057,22.89727,24.2888,24.59484,23.3918,26.92962,24.64743,24.58396,24.58396,23.84508,20.18582,19.03896,23.06648,19.78071,24.31404,22.04541,16.23011,17.07825,25.17932,16.23011,19.65383,23.54967,24.97798,23.75407,20.48087,21.44128,20.5888,26.31464,25.76385,21.6221,22.93896,23.11459,26.87022,26.87022,26.87022,26.82224,26.65962,25.87437,25.16333,27.28158,27.14423,27.59492,28.55071,27.28866,24.48369,27.72516,26.62667,26.13003,27.55391,25.93697,25.66653,25.08213,27.90801,27.19109,26.77087,26.24328,26.8091,26.85817,26.16598,27.05063,26.78762,24.71582,26.06489,27.11251,28.20964,24.93074,25.51175,24.20811,24.98869,24.1773,27.67615,23.8994,26.12123,28.22478,28.15803,26.73929,27.27855,27.54328,25.02738,28.60708,28.68011,27.35169,28.30645,28.5579,28.30645,27.35169,28.8224,27.48142
2001,25.82164,26.04279,25.8646,25.82164,25.95477,25.95477,25.95477,25.95477,25.75186,25.18025,25.98175,26.29589,25.90693,24.73148,24.73148,23.67712,27.16118,23.71625,27.67926,23.04178,27.56362,27.67926,25.73175,25.75299,27.51315,27.89244,24.76115,22.86142,24.65756,23.92208,21.61973,22.90025,23.55893,22.55605,23.92208,21.07718,22.42301,25.3389,24.24649,23.03775,23.43115,23.83164,23.0911,25.45384,23.95685,21.70997,20.76271,22.9917,22.63107,22.37055,20.76271,22.05518,22.40668,21.86764,22.96523,21.72036,21.78403,21.80836,24.21236,24.30775,24.11745,26.66951,26.25545,24.99674,24.59038,24.34449,24.59038,24.13014,23.90877,24.59038,25.24732,24.63964,24.68888,24.03732,25.46263,24.9571,25.27548,25.662,24.46189,24.18008,25.23392,23.70082,24.03732,25.26986,25.86348,25.26986,24.69921,24.75803,24.03732,26.31685,26.31685,26.46321,26.30534,24.82112,26.60553,22.85773,26.15022,21.58444,21.17137,19.69584,22.47803,19.69584,22.19285,23.0803,22.00507,22.00507,21.75047,26.01036,25.12225,22.32121,21.42978,22.63422,26.02814,22.22638,23.7506,24.41951,19.50052,19.50052,18.91047,18.06773,18.70055,21.84912,21.90841,20.17052,25.56014,21.90841,22.45288,18.71888,29.34995,24.11858,25.60732,25.60732,24.66644,25.3751,24.92816,24.60663,24.112,24.40036,24.40036,23.77786,23.77786,23.83847,23.80712,23.95348,23.43992,23.43992,25.57512,23.71203,24.40036,25.53392,24.88425,22.19438,21.8006,22.54118,22.54118,21.14274,20.3746,20.3746,20.3746,24.96718,25.74082,24.69929,22.51611,23.83019,24.12819,23.14581,26.32781,24.19608,24.11822,24.11822,23.5243,20.32638,19.25745,22.96112,19.91652,24.08545,22.02104,16.74499,17.51447,24.85992,16.74499,19.45304,23.26844,24.63151,23.46592,20.49614,21.14274,20.36526,25.4774,24.93715,21.27077,22.5426,22.71575,25.85227,25.85227,25.85227,25.84301,25.70208,24.90603,24.26055,26.25419,26.25789,26.67751,27.54005,26.36874,23.86712,26.7466,25.71233,25.3303,26.59225,25.12532,24.90159,24.34986,26.91534,26.23608,25.78844,25.23041,25.8169,25.8477,25.20471,26.03671,25.82011,23.79003,25.05808,26.09351,27.12841,24.0117,24.566,23.36159,24.06953,23.3131,26.6223,23.0431,25.13567,27.1323,27.09466,25.71836,26.24058,26.48649,24.10551,27.50997,27.58066,26.29499,27.23844,27.47307,27.23844,26.29499,27.81822,26.47589
2002,26.48967,26.71868,26.51189,26.48967,26.6206,26.6206,26.6206,26.6206,26.37833,25.8094,26.63619,26.94658,26.57315,25.45096,25.45096,24.3789,27.9154,24.37512,28.49468,23.70581,28.38216,28.49468,26.49759,26.49896,28.31356,28.70605,25.51003,23.51742,25.3643,24.59685,22.24611,23.5574,24.21978,23.18879,24.59685,21.68337,23.06173,26.07866,24.9677,23.7186,24.11397,24.52101,23.7634,26.21233,24.66759,22.32288,21.35899,23.64216,23.27364,22.99652,21.35899,22.6783,23.01315,22.4869,23.60252,22.32132,22.39164,22.42627,24.89192,24.98181,24.79137,27.38981,26.97452,25.68263,25.27025,25.02038,25.27025,24.80888,24.5803,25.27025,25.94066,25.32559,25.3877,24.71668,26.13277,25.63252,25.97222,26.28022,25.05781,24.87263,25.93118,24.36581,24.71668,25.95359,26.56578,25.95359,25.37808,25.43356,24.71668,26.9937,26.9937,27.14159,26.97907,25.4683,27.28605,23.47789,26.8343,22.16973,21.75822,20.2309,23.06789,20.2309,22.79167,23.67238,22.54679,22.54679,22.27351,26.61866,25.78742,22.78362,21.86575,23.0946,26.59729,22.71112,24.26381,24.95353,19.90866,19.90866,19.31088,18.4589,19.12348,22.31759,22.46148,20.60573,26.1163,22.46148,23.08605,19.19247,30.04389,24.7234,26.222,26.222,25.28241,25.99329,25.54249,25.20364,24.72419,24.99641,24.99641,24.39685,24.39685,24.42367,24.39433,24.54532,24.05115,24.05115,26.20605,24.30167,24.99641,26.15258,25.49553,22.74723,22.3457,23.11175,23.11175,21.6006,20.82315,20.82315,20.82315,25.46471,26.33614,25.31142,23.05153,24.45444,24.75008,23.64386,27.02367,24.80921,24.73408,24.73408,24.01742,20.76304,19.67753,23.45759,20.3429,24.56811,22.48071,17.14441,17.90767,25.34893,17.14441,19.83907,23.7377,25.1583,23.94841,20.91586,21.6006,20.78433,26.08942,25.53027,21.7617,23.01066,23.18288,26.46482,26.46482,26.46482,26.46208,26.31756,25.49181,24.82044,26.90019,26.75641,27.17773,28.05378,26.85323,24.34277,27.23085,26.31795,25.84515,27.12277,25.65978,25.42795,24.88041,27.42044,26.75134,26.36647,25.81808,26.35362,26.45145,25.77742,26.64701,26.40395,24.34452,25.58734,26.6289,27.76816,24.53819,25.11986,23.85258,24.63118,23.80195,27.14967,23.53888,25.74153,27.77699,27.75682,26.3309,26.87082,27.11151,24.68167,28.17748,28.25014,26.93184,27.93427,28.17367,27.93427,26.93184,28.59142,27.148
2003,26.7154,26.94532,26.73192,26.7154,26.84307,26.84307,26.84307,26.84307,26.59614,26.03504,26.8414,27.14225,26.79044,25.69652,25.69652,24.61795,28.15827,24.60466,28.75575,23.9411,28.63016,28.75575,26.73921,26.73929,28.56408,28.95501,25.7606,23.7474,25.59951,24.82422,22.47668,23.77984,24.44441,23.40956,24.82422,21.90515,23.28573,26.32049,25.21534,23.95452,24.34085,24.75137,23.98885,26.46066,24.89847,22.54247,21.58581,23.86342,23.49932,23.22312,21.58581,22.90222,23.23479,22.7077,23.82112,22.54792,22.61885,22.64737,25.11438,25.20986,25.0137,27.63953,27.22329,25.91915,25.5083,25.25945,25.5083,25.04104,24.8134,25.5083,26.17652,25.56589,25.61956,24.95274,26.38008,25.87085,26.20463,26.52984,25.31348,25.10186,26.16534,24.60104,24.95274,26.18647,26.80578,26.18647,25.61203,25.66792,24.95274,27.24238,27.24238,27.37893,27.20885,25.70542,27.53564,23.71649,27.08036,22.41159,21.99186,20.4483,23.28277,20.4483,23.03285,23.93332,22.81674,22.81674,22.55553,26.87414,26.03542,23.05112,22.14641,23.36121,26.8309,22.98784,24.53293,25.21526,20.21014,20.21014,19.6206,18.78307,19.4389,22.62729,22.73496,20.93482,26.35932,22.73496,23.32868,19.47723,30.24022,24.94101,26.45315,26.45315,25.49079,26.2234,25.78027,25.42386,24.92137,25.19332,25.19332,24.56027,24.56027,24.61271,24.57608,24.72416,24.2437,24.2437,26.4194,24.48416,25.19332,26.36016,25.69575,22.99551,22.58726,23.35241,23.35241,21.8769,21.09019,21.09019,21.09019,25.76326,26.60277,25.56504,23.31318,24.69244,24.99014,23.94488,27.25532,25.05745,24.98238,24.98238,24.30263,21.06923,19.98978,23.76038,20.66364,24.87063,22.78932,17.44759,18.2171,25.65279,17.44759,20.12647,24.05268,25.45066,24.24847,21.25997,21.8769,21.07288,26.30636,25.74932,22.00942,23.28603,23.46134,26.6629,26.6629,26.6629,26.6697,26.53038,25.68474,25.02836,27.09405,27.00164,27.42759,28.31863,27.10211,24.6074,27.47482,26.53334,26.08964,27.35915,25.89266,25.66704,25.11444,27.67112,27.00367,26.61038,26.05611,26.60359,26.66479,26.02003,26.85186,26.63652,24.58375,25.86523,26.98633,28.11529,24.87537,25.45496,24.22112,24.95904,24.17573,27.56655,23.90107,25.99836,28.08882,28.06655,26.5803,27.19049,27.42501,24.96359,28.43425,28.52633,27.17162,28.20773,28.43348,28.20773,27.17162,28.84427,27.36145
2004,26.72705,26.96085,26.79803,26.72705,26.89235,26.89235,26.89235,26.89235,26.7409,26.08691,26.98945,27.36814,26.87454,25.55489,25.55489,24.4724,28.10765,24.4629,28.6459,23.78577,28.53265,28.6459,26.60066,26.60579,28.47197,28.87333,25.61546,23.5388,25.43568,24.64658,22.24486,23.5947,24.25675,23.20699,24.64658,21.67112,23.08052,26.17388,25.05877,23.78109,24.18861,24.61918,23.82011,26.33137,24.76678,22.31544,21.32369,23.71221,23.3112,23.02224,21.32369,22.68169,23.06066,22.47541,23.67921,22.33055,22.40516,22.41306,24.98995,25.08344,24.88268,27.59325,27.15661,25.83158,25.40464,25.14096,25.40464,24.91617,24.68098,25.40464,26.03844,25.46478,25.50219,24.81191,26.23855,25.74825,26.06615,26.45027,25.20363,24.95361,26.0144,24.46,24.81191,26.11421,26.68962,26.11421,25.49776,25.56656,24.81191,27.00281,27.00281,27.15585,27.00079,25.47306,27.29683,23.51842,26.85003,22.19071,21.75393,20.22363,23.0903,20.22363,22.80437,23.64907,22.53492,22.53492,22.27801,26.68839,25.78642,22.86874,21.94096,23.18246,26.65664,22.78036,24.34926,25.03902,19.95997,19.95997,19.35902,18.4956,19.16131,22.47158,22.53855,20.69751,26.64426,22.53855,23.11934,19.18555,30.18238,24.78178,26.31557,26.31557,25.34557,26.0797,25.62383,25.27607,24.77235,25.0577,25.0577,24.42981,24.42981,24.47956,24.45123,24.60533,24.08191,24.08191,26.2506,24.3541,25.0577,26.23025,25.55904,22.92669,22.53822,23.32893,23.32893,21.8312,21.04587,21.04587,21.04587,25.71036,26.52557,25.47691,23.25027,24.61568,24.92992,23.8518,27.17238,24.98913,24.90041,24.90041,24.25724,20.84877,19.74686,23.64762,20.47833,24.79134,22.64975,17.14202,17.93481,25.60342,17.14202,20.07366,24.01027,25.41098,24.2062,21.10992,21.8312,21.01686,26.44519,25.92189,22.0044,23.29943,23.47669,26.96492,26.96492,26.96492,26.94484,26.79642,25.97648,25.2829,27.34598,27.22369,27.6691,28.6162,27.34399,24.72691,27.73713,26.77352,26.27246,27.61708,26.08342,25.83568,25.27199,27.95,27.28183,26.89011,26.3023,26.89533,26.95298,26.28833,27.14888,26.91303,24.80893,26.15538,27.20675,28.15656,24.96295,25.5274,24.31213,24.98779,24.20842,27.61598,23.99156,26.15609,28.19424,28.11268,26.77844,27.25131,27.5247,25.06612,28.61503,28.67486,27.38314,28.27634,28.55393,28.27634,27.38314,28.80287,27.50989
2005,27.50888,27.76375,27.54444,27.50888,27.67496,27.67496,27.67496,27.67496,27.48877,26.7777,27.77403,28.15545,27.64605,26.14967,26.14967,25.02836,28.92321,24.9977,29.40181,24.27751,29.3026,29.40181,27.22164,27.22649,29.23482,29.68926,26.20326,23.81411,25.93238,25.03841,22.42655,23.94737,24.59781,23.47386,25.03841,21.81545,23.35636,26.75219,25.59868,24.22559,24.68477,25.17614,24.25693,26.96893,25.33836,22.4894,21.39984,24.18181,23.65005,23.31666,21.39984,22.8969,23.42384,22.63797,24.17951,22.5423,22.64022,22.57014,25.54811,25.65652,25.41984,28.39441,27.92038,26.53745,26.07408,25.79115,26.07408,25.49452,25.25405,26.07408,26.63808,26.12953,26.10022,25.41137,26.80844,26.43627,26.73099,26.97479,25.68252,25.55074,26.63353,25.00984,25.41137,26.85438,27.42781,26.85438,26.16397,26.26879,25.41137,27.38997,27.38997,27.54433,27.39389,25.7937,27.68145,23.88312,27.25458,22.46614,21.97701,20.36685,23.36189,20.36685,23.07712,23.84238,22.68699,22.68699,22.43293,26.96937,26.12652,22.83759,21.9106,23.20918,26.85096,22.86477,24.50696,25.21805,19.84411,19.84411,19.22912,18.29644,19.07803,22.66299,22.92592,20.85805,27.44096,22.92592,23.49638,19.20115,30.77871,24.952,26.55203,26.55203,25.58778,26.29433,25.77436,25.48723,25.01342,25.37044,25.37044,24.78471,24.78471,24.77704,24.80975,24.97863,24.26973,24.26973,26.60564,24.71342,25.37044,26.53184,25.85452,23.38479,22.99364,23.83649,23.83649,22.17384,21.36334,21.36334,21.36334,26.11493,27.01912,25.99666,23.70715,25.16882,25.47603,24.19751,27.88318,25.53173,25.47052,25.47052,24.64381,20.83332,19.65397,23.84088,20.45775,25.09953,22.77666,16.75677,17.61419,25.98734,16.75677,20.31896,24.35367,25.8214,24.55616,21.20734,22.17384,21.29219,27.16825,26.59055,22.36586,23.70408,23.88449,27.69268,27.69268,27.69268,27.65718,27.49375,26.67329,25.96134,28.1149,28.00838,28.48077,29.5106,28.15356,25.2957,28.58962,27.47578,26.97732,28.42619,26.77364,26.50532,25.90323,28.80449,28.08619,27.66008,27.12304,27.7237,27.7014,27.05068,27.90397,27.66825,25.5737,27.01841,28.18723,29.22449,25.92367,26.49392,25.20929,25.94512,25.16118,28.80775,24.85526,27.02649,29.19899,29.12285,27.64507,28.24597,28.51405,25.94381,29.5331,29.62693,28.26233,29.24373,29.49123,29.24373,28.26233,29.66427,28.34353
2006,26.94159,27.17444,26.95847,26.94159,27.07784,27.07784,27.07784,27.07784,26.84233,26.22948,27.11984,27.45482,27.03255,25.66315,25.66315,24.58312,28.27899,24.52608,28.78625,23.85627,28.67622,28.78625,26.69562,26.67573,28.59644,29.02693,25.72562,23.4509,25.44348,24.59189,22.13099,23.54534,24.16959,23.08945,24.59189,21.52805,22.98877,26.23504,25.13707,23.81499,24.23614,24.69181,23.83351,26.4474,24.85923,22.16773,21.15518,23.73205,23.26271,22.93679,21.15518,22.55285,23.01918,22.31088,23.71373,22.21142,22.31268,22.24847,25.11959,25.23422,24.99553,27.79342,27.35901,26.06636,25.63751,25.39274,25.63751,25.09504,24.88301,25.63751,26.18805,25.67756,25.66595,25.07397,26.40663,26.03679,26.31466,26.51216,25.28677,25.20816,26.23479,24.65123,25.07397,26.36323,26.99893,26.36323,25.76671,25.83707,25.07397,26.98603,26.98603,27.1014,26.92797,25.42162,27.25562,23.54663,26.84964,22.19805,21.75701,20.12726,22.95814,20.12726,22.8057,23.60323,22.47882,22.47882,22.22307,26.58337,25.78474,22.59762,21.69742,22.93249,26.45312,22.60781,24.17474,24.86016,19.73907,19.73907,19.15282,18.28099,19.01545,22.37329,22.66452,20.67005,26.56326,22.66452,23.21956,19.14962,29.92989,24.47173,25.98282,25.98282,25.05805,25.74614,25.26849,24.9671,24.5046,24.80622,24.80622,24.23252,24.23252,24.25334,24.26581,24.41145,23.81575,23.81575,26.06737,24.17644,24.80622,25.95016,25.29786,23.02688,22.63986,23.44345,23.44345,21.79655,21.01408,21.01408,21.01408,25.60507,26.54715,25.57973,23.31753,24.77926,25.05781,23.79726,27.39975,25.11652,25.06778,25.06778,24.16268,20.67082,19.54611,23.49342,20.27874,24.65452,22.47762,16.89644,17.67542,25.47699,16.89644,19.97879,23.87553,25.31614,24.08044,20.94556,21.79655,20.92723,26.52978,25.96677,21.97756,23.214,23.38332,26.97836,26.97836,26.97836,26.96175,26.81038,25.98466,25.29151,27.41126,27.13827,27.56816,28.44841,27.25003,24.63808,27.65159,26.78299,26.21304,27.55564,26.04589,25.78896,25.23962,27.84233,27.16753,26.83666,26.29474,26.79299,26.95775,26.23208,27.13863,26.87214,24.77811,26.02447,27.0806,28.25655,24.93997,25.53888,24.22748,25.03819,24.2117,27.6034,23.92847,26.20647,28.2734,28.25044,26.82047,27.34181,27.59077,25.11121,28.69844,28.76452,27.43679,28.43055,28.6829,28.43055,27.43679,28.96507,27.64099
2007,27.07184,27.31392,27.11781,27.07184,27.2297,27.2297,27.2297,27.2297,27.05296,26.37668,27.32479,27.69104,27.19986,25.76036,25.76036,24.66104,28.44334,24.63701,28.92589,23.94005,28.82334,28.92589,26.81373,26.82156,28.76318,29.18918,25.81184,23.5843,25.58784,24.74984,22.24436,23.67912,24.33458,23.2491,24.74984,21.65342,23.12584,26.3674,25.23384,23.90964,24.3443,24.80392,23.94504,26.55337,24.95915,22.30808,21.26132,23.85474,23.38852,23.0766,21.26132,22.69573,23.14496,22.4634,23.83707,22.33877,22.42463,22.39805,25.18877,25.29545,25.06622,27.92532,27.47079,26.13441,25.68858,25.42389,25.68858,25.14238,24.91318,25.68858,26.25715,25.73753,25.73022,25.07438,26.43529,26.06367,26.35074,26.59027,25.33353,25.21496,26.26159,24.67762,25.07438,26.44066,27.03553,26.44066,25.79526,25.88378,25.07438,26.99044,26.99044,27.15984,27.02392,25.45337,27.28342,23.5823,26.85545,22.19882,21.71605,20.18468,23.11586,20.18468,22.79282,23.52115,22.4111,22.4111,22.15674,26.58805,25.75493,22.61444,21.70156,22.96274,26.5137,22.60893,24.20351,24.89781,19.69638,19.69638,19.09759,18.20208,18.93745,22.40751,22.64893,20.63951,26.93222,22.64893,23.20734,19.05104,30.40082,24.80085,26.3691,26.3691,25.3937,26.12578,25.64748,25.30532,24.81504,25.12474,25.12474,24.52044,24.52044,24.52622,24.51995,24.6894,24.09899,24.09899,26.29137,24.42219,25.12474,26.29345,25.61564,23.08427,22.70047,23.52375,23.52375,21.89444,21.10386,21.10386,21.10386,25.75066,26.63666,25.64019,23.39449,24.83101,25.12984,23.88701,27.47356,25.18488,25.12348,25.12348,24.29644,20.65151,19.50619,23.56019,20.27526,24.77126,22.5266,16.75351,17.57134,25.62668,16.75351,20.07658,24.01523,25.4586,24.21507,20.98458,21.89444,21.02559,26.74195,26.18567,22.08858,23.38282,23.55838,27.24551,27.24551,27.24551,27.22444,27.06967,26.24096,25.54104,27.65666,27.55438,28.01036,28.9603,27.69668,24.92211,28.1286,27.04433,26.5549,27.9546,26.35674,26.09803,25.51274,28.31411,27.59655,27.17356,26.61795,27.19855,27.23918,26.56441,27.43962,27.19827,25.09797,26.43195,27.53537,28.60425,25.34929,25.92162,24.63096,25.3926,24.58838,28.12479,24.29619,26.51,28.60567,28.54523,27.1243,27.66438,27.92964,25.42677,28.98132,29.05923,27.73811,28.69112,28.93959,28.69112,27.73811,29.15345,27.86153
2008,26.90566,27.16,26.92178,26.90566,27.07407,27.07407,27.07407,27.07407,26.87134,26.16658,27.1629,27.54811,27.05265,25.64008,25.64008,24.54219,28.35331,24.47631,28.87973,23.78639,28.78604,28.87973,26.69995,26.70863,28.70328,29.14533,25.72486,23.34057,25.41301,24.54087,21.97336,23.46623,24.10279,22.99612,24.54087,21.36716,22.88008,26.23967,25.12074,23.74426,24.19413,24.69134,23.76391,26.4856,24.86183,22.01407,20.93393,23.68683,23.17063,22.83801,20.93393,22.42243,22.92404,22.16617,23.67276,22.05738,22.15601,22.0977,24.99104,25.08735,24.86038,27.79855,27.33221,25.95172,25.49568,25.20828,25.49568,24.93587,24.68907,25.49568,26.03484,25.55948,25.54134,24.82495,26.15984,25.82186,26.10607,26.31429,25.05014,24.96205,26.00096,24.44833,24.82495,26.25831,26.79432,26.25831,25.56557,25.67434,24.82495,26.66011,26.66011,26.84322,26.72142,25.13549,26.95393,23.31549,26.52831,21.9074,21.4009,19.89085,22.84413,19.89085,22.48544,23.15046,22.02645,22.02645,21.77544,26.24014,25.41426,22.23199,21.31921,22.59232,26.16842,22.24601,23.85216,24.54874,19.2974,19.2974,18.69732,17.7888,18.55044,22.06645,22.36008,20.30549,26.70197,22.36008,22.92219,18.6529,30.2382,24.55612,26.15462,26.15462,25.1579,25.90342,25.41555,25.07571,24.56899,24.89694,24.89694,24.27828,24.27828,24.30254,24.30549,24.47861,23.83628,23.83628,26.02891,24.20194,24.89694,26.07303,25.38609,22.81298,22.43164,23.27385,23.27385,21.62598,20.82872,20.82872,20.82872,25.46675,26.35574,25.37473,23.12694,24.56462,24.86169,23.5953,27.23046,24.91656,24.85981,24.85981,24.04216,20.28557,19.13107,23.23423,19.90869,24.46489,22.17997,16.30022,17.13762,25.34475,16.30022,19.80492,23.77273,25.19929,23.96279,20.66342,21.62598,20.76943,26.53415,25.9779,21.7991,23.09814,23.27407,27.1044,27.1044,27.1044,27.06995,26.91604,26.10803,25.40604,27.51505,27.17358,27.61921,28.59719,27.28866,24.57158,27.69027,26.83893,26.20852,27.62814,26.03366,25.76369,25.19227,27.92708,27.26634,26.98705,26.47555,26.93333,27.09164,26.38087,27.24552,26.99189,24.94563,26.25781,27.37691,28.56202,25.22082,25.81527,24.48219,25.30344,24.45429,28.0091,24.14582,26.40115,28.54571,28.49784,27.01036,27.60934,27.85915,25.31817,28.8926,28.98421,27.62284,28.61877,28.85199,28.61877,27.62284,29.08992,27.73085
2009,26.78079,27.03715,26.79027,26.78079,26.93858,26.93858,26.93858,26.93858,26.70463,26.02027,27.02304,27.39088,26.90797,25.50715,25.50715,24.40882,28.24247,24.33126,28.77162,23.63786,28.67742,28.77162,26.56373,26.56274,28.58104,29.05132,25.59605,23.16756,25.24532,24.38934,21.78395,23.30677,23.94099,22.81951,24.38934,21.16863,22.70164,26.09238,24.97345,23.58521,24.05099,24.55852,23.60526,26.362,24.73781,21.81222,20.70764,23.53748,23.00786,22.6617,20.70764,22.22732,22.77011,21.95847,23.52696,21.87145,21.9717,21.88822,24.8566,24.95367,24.7197,27.66953,27.20329,25.83,25.36882,25.08107,25.36882,24.8011,24.55444,25.36882,25.88773,25.42773,25.41104,24.69532,26.02304,25.71063,25.98633,26.16589,24.8926,24.83488,25.86729,24.30877,24.69532,26.14408,26.68929,26.14408,25.44967,25.56063,24.69532,26.45847,26.45847,26.65841,26.54751,24.94356,26.7569,23.14647,26.32742,21.72318,21.20649,19.69679,22.67263,19.69679,22.29381,22.91441,21.802,21.802,21.53597,26.06989,25.20175,22.08693,21.15693,22.45252,26.07403,22.06951,23.69403,24.40022,19.09438,19.09438,18.47915,17.54603,18.31115,21.83463,22.1829,20.07677,26.6331,22.1829,22.74019,18.40466,30.24107,24.52734,26.16715,26.16715,25.11658,25.91332,25.43548,25.05499,24.50093,24.81488,24.81488,24.15296,24.15296,24.23633,24.22132,24.39271,23.76038,23.76038,25.9011,24.10353,24.81488,26.04479,25.33049,22.62934,22.25211,23.09866,23.09866,21.40123,20.61189,20.61189,20.61189,25.25997,26.19099,25.2106,22.93096,24.40389,24.68685,23.35792,27.10674,24.74151,24.70222,24.70222,23.80301,20.06033,18.89405,22.97805,19.64329,24.24619,21.94241,16.02868,16.88408,25.12378,16.02868,19.55863,23.47049,24.94485,23.68879,20.34693,21.40123,20.5134,26.37438,25.7906,21.59405,22.86641,23.0386,26.91047,26.91047,26.91047,26.86044,26.69452,25.91707,25.20855,27.34244,27.05762,27.51386,28.54452,27.18326,24.39573,27.59611,26.66181,26.0703,27.51337,25.89786,25.61855,25.04425,27.83781,27.1734,26.83975,26.36641,26.89047,26.91318,26.25468,27.10364,26.84838,24.85882,26.25721,27.3854,28.39468,25.19778,25.76033,24.49148,25.21986,24.4463,28.01855,24.15299,26.27545,28.38488,28.30981,26.88205,27.44814,27.71775,25.21682,28.73134,28.81833,27.4874,28.46189,28.70721,28.46189,27.4874,28.97381,27.58847
2010,26.75329,26.98866,26.79868,26.75329,26.89899,26.89899,26.89899,26.89899,26.69962,26.08556,26.96584,27.2997,26.86556,25.632,25.632,24.54951,28.17184,24.52803,28.72419,23.85759,28.61479,28.72419,26.68685,26.68405,28.55107,28.95189,25.69326,23.61315,25.51384,24.71751,22.32052,23.66679,24.32718,23.27633,24.71751,21.74523,23.15271,26.25301,25.136,23.85951,24.26518,24.68773,23.89814,26.40693,24.84214,22.38932,21.40123,23.77984,23.38058,23.08759,21.40123,22.75351,23.11784,22.55011,23.73923,22.40101,22.47348,22.48805,25.06071,25.15496,24.9529,27.64507,27.21622,25.9031,25.47981,25.22422,25.47981,24.98921,24.76022,25.47981,26.10918,25.53614,25.57526,24.90479,26.30203,25.83216,26.1577,26.45688,25.21896,25.05545,26.10685,24.53847,24.90479,26.18351,26.78003,26.18351,25.58055,25.64753,24.90479,27.06975,27.06975,27.2251,27.06912,25.54353,27.36214,23.58455,26.91619,22.25452,21.82584,20.28858,23.14592,20.28858,22.87077,23.70726,22.58548,22.58548,22.31288,26.70616,25.85573,22.84627,21.92049,23.16107,26.68805,22.77236,24.33816,25.03258,19.94811,19.94811,19.34907,18.48948,19.15838,22.43375,22.58699,20.68271,26.49578,22.58699,23.20003,19.23195,30.20805,24.8257,26.34288,26.34288,25.39107,26.11016,25.65285,25.31323,24.82682,25.10233,25.10233,24.49775,24.49775,24.53167,24.50501,24.65792,24.14581,24.14581,26.30164,24.40852,25.10233,26.27104,25.60559,22.94375,22.5523,23.33932,23.33932,21.7769,21.00419,21.00419,21.00419,25.62732,26.50871,25.49438,23.24542,24.66688,24.96803,23.80293,27.23197,25.0223,24.94405,24.94405,24.18014,20.82964,19.73132,23.58836,20.42953,24.71405,22.59285,17.15285,17.92879,25.51082,17.15285,19.99647,23.89553,25.33762,24.10674,21.02868,21.7769,20.93584,26.4111,25.85964,21.98156,23.23181,23.40551,26.82858,26.82858,26.82858,26.82112,26.67129,25.84036,25.15471,27.25863,27.17658,27.60748,28.48068,27.3,24.66858,27.71567,26.67274,26.22156,27.53611,26.02896,25.78726,25.22411,27.87956,27.17003,26.74008,26.20332,26.74745,26.81836,26.14521,27.02488,26.77482,24.71745,25.96219,27.02962,28.15934,24.93534,25.51263,24.24244,25.01238,24.21175,27.61641,23.9257,26.10433,28.16219,28.12545,26.70488,27.24773,27.49647,25.04532,28.53929,28.61438,27.31296,28.29463,28.53115,28.29463,27.31296,28.86545,27.48825
2011,26.27167,26.51899,26.27107,26.27167,26.41403,26.41403,26.41403,26.41403,26.1677,25.5506,26.46907,26.79877,26.37942,25.25907,25.25907,24.18715,27.78915,24.13959,28.37877,23.47847,28.26907,28.37877,26.30797,26.3109,28.19433,28.60871,25.34696,23.18953,25.11584,24.3131,21.89189,23.26551,23.91496,22.86318,24.3131,21.32145,22.73852,25.87403,24.77715,23.48085,23.89186,24.33937,23.50984,26.06652,24.49964,21.95167,20.93701,23.40556,22.97879,22.68058,20.93701,22.3291,22.70329,22.11745,23.36288,21.95655,22.03551,22.05268,24.61,24.68882,24.49581,27.21625,26.78216,25.44466,25.01781,24.74416,25.01781,24.52589,24.28266,25.01781,25.61833,25.08597,25.12101,24.38501,25.70499,25.32595,25.63,25.81551,24.6146,24.53877,25.55575,24.06041,24.38501,25.72236,26.26258,25.72236,25.07778,25.17219,24.38501,26.40652,26.40652,26.59455,26.47548,24.93115,26.69696,23.07904,26.25781,21.72934,21.24745,19.83293,22.69682,19.83293,22.30479,23.01827,21.93447,21.93447,21.66986,25.97627,25.18315,22.10625,21.22775,22.44997,25.94463,22.09699,23.64537,24.32186,19.27885,19.27885,18.69107,17.81789,18.53734,21.77293,22.09326,20.15425,25.89211,22.09326,22.65044,18.63403,29.822,24.40756,25.92729,25.92729,24.97836,25.69515,25.23825,24.88874,24.41299,24.69841,24.69841,24.10436,24.10436,24.09814,24.07134,24.24501,23.7183,23.7183,25.80699,23.97482,24.69841,25.84047,25.17825,22.36967,21.99608,22.79896,22.79896,21.18318,20.4134,20.4134,20.4134,24.97079,25.85093,24.88271,22.66096,24.07868,24.34879,23.14734,26.658,24.41288,24.37101,24.37101,23.50858,20.14896,19.04252,22.83847,19.71208,24.03096,21.88192,16.41132,17.19885,24.83797,16.41132,19.4057,23.19208,24.62,23.40945,20.32553,21.18318,20.32663,25.85247,25.30126,21.34863,22.57027,22.73567,26.30386,26.30386,26.30386,26.27816,26.12945,25.34512,24.6797,26.74778,26.47425,26.90036,27.7651,26.59205,23.9823,26.9897,26.08419,25.54356,26.88189,25.36819,25.11515,24.56592,27.16907,26.49767,26.1683,25.67184,26.12548,26.28699,25.57247,26.44479,26.18504,24.17921,25.40699,26.44685,27.80589,24.45181,25.05562,23.70271,24.6014,23.724,27.14658,23.38707,25.65397,27.76879,27.78019,26.22748,26.87674,27.09192,24.59778,28.09803,28.19452,26.82192,27.89822,28.09244,27.89822,26.82192,28.50093,27.02019
2012,26.42429,26.67828,26.4771,26.42429,26.60407,26.60407,26.60407,26.60407,26.44639,25.74358,26.73735,27.13415,26.60014,25.31311,25.31311,24.22954,27.92374,24.18989,28.48025,23.5109,28.37169,28.48025,26.37249,26.37694,28.30358,28.73669,25.39943,23.16891,25.15505,24.33426,21.84358,23.27467,23.9247,22.85352,24.33426,21.26847,22.72713,25.9306,24.81612,23.50292,23.93098,24.39631,23.53546,26.13158,24.55495,21.91634,20.87175,23.44585,22.98128,22.67792,20.87175,22.30268,22.72784,22.07645,23.41776,21.94079,22.0168,22.01003,24.65235,24.73352,24.53839,27.34858,26.89232,25.50883,25.06221,24.7676,25.06221,24.55574,24.29582,25.06221,25.65631,25.14224,25.1694,24.38432,25.78071,25.33787,25.6574,25.98522,24.72836,24.5341,25.58178,24.06844,24.38432,25.79497,26.28036,25.79497,25.1023,25.20631,24.38432,26.45637,26.45637,26.64489,26.5235,24.95975,26.75893,23.09839,26.32577,21.73508,21.25126,19.7935,22.71577,19.7935,22.31964,23.03883,21.94107,21.94107,21.68489,26.10489,25.23552,22.27178,21.34101,22.60213,26.08866,22.19478,23.78257,24.47511,19.32495,19.32495,18.71541,17.82415,18.51019,21.90257,22.06566,20.14511,26.39858,22.06566,22.64978,18.57331,29.97104,24.39374,25.95071,25.95071,24.98959,25.70601,25.22361,24.9003,24.42016,24.74104,24.74104,24.15025,24.15025,24.14199,24.13951,24.31451,23.70336,23.70336,25.86309,24.04199,24.74104,25.8841,25.2162,22.4765,22.10519,22.92189,22.92189,21.35874,20.58462,20.58462,20.58462,25.19604,26.04773,25.00749,22.79265,24.16678,24.47377,23.31489,26.75486,24.52719,24.45347,24.45347,23.74893,20.22429,19.10574,23.05959,19.84842,24.25085,22.06019,16.37284,17.20811,25.07858,16.37284,19.58724,23.45593,24.8756,23.66489,20.48607,21.35874,20.51984,26.14074,25.60902,21.55328,22.83527,23.00915,26.7026,26.7026,26.7026,26.66148,26.5029,25.7185,25.02087,27.10342,26.91546,27.36063,28.32918,27.0524,24.33052,27.47333,26.46828,25.93667,27.33153,25.75628,25.48855,24.92208,27.68153,27.00369,26.63648,26.1397,26.65492,26.70202,26.04888,26.88342,26.63749,24.64407,25.99033,27.10123,28.15579,24.94814,25.51402,24.26284,24.99139,24.23571,27.71038,23.94145,26.03484,28.14082,28.06314,26.63587,27.21967,27.47645,24.98462,28.45877,28.54738,27.2338,28.18577,28.42153,28.18577,27.2338,28.66003,27.30691
2013,26.98121,27.23129,27.01967,26.98121,27.1386,27.1386,27.1386,27.1386,26.93255,26.27748,27.21208,27.57033,27.10748,25.80038,25.80038,24.69912,28.45605,24.6477,29.01375,23.96258,28.90315,29.01375,26.86912,26.87033,28.82822,29.26611,25.88411,23.56595,25.61611,24.75266,22.21721,23.68323,24.33088,23.23882,24.75266,21.63096,23.12164,26.41436,25.28658,23.94301,24.37937,24.85479,23.97164,26.62984,25.02118,22.29373,21.22953,23.87792,23.38753,23.06899,21.22953,22.68611,23.12055,22.45405,23.84945,22.31164,22.3986,22.38748,25.15096,25.24214,25.02764,27.88373,27.42838,26.05781,25.60964,25.32871,25.60964,25.07932,24.83238,25.60964,26.17748,25.67452,25.68912,24.96668,26.35088,25.94644,26.24995,26.52671,25.25318,25.10753,26.16501,24.59748,24.96668,26.3546,26.9129,26.3546,25.69203,25.78249,24.96668,26.87485,26.87485,27.05282,26.92893,25.35068,27.16208,23.52932,26.76471,22.13164,21.63233,20.13655,23.07447,20.13655,22.71767,23.3926,22.27279,22.27279,22.03455,26.48608,25.65636,22.54603,21.6109,22.88068,26.37499,22.50622,24.10444,24.79992,19.59375,19.59375,18.99271,18.09784,18.82701,22.35726,22.55277,20.53915,26.86285,22.55277,23.12581,18.92616,30.26564,24.59559,26.11879,26.11879,25.2266,25.87625,25.36764,25.09359,24.6874,25.02488,25.02488,24.5086,24.5086,24.40397,24.43282,24.61712,23.96989,23.96989,26.1974,24.34995,25.02488,26.11471,25.47279,23.00764,22.61162,23.4337,23.4337,21.86216,21.06707,21.06707,21.06707,25.73526,26.58233,25.57216,23.33208,24.74274,25.0554,23.86559,27.3709,25.11112,25.03364,25.03364,24.31452,20.5757,19.434,23.56427,20.25427,24.75589,22.50321,16.66989,17.49301,25.62312,16.66989,20.06822,24.06868,25.48603,24.25559,20.99058,21.86216,21.02622,26.63932,26.06367,22.04595,23.37148,23.55219,27.08942,27.08942,27.08942,27.05367,26.89173,26.0903,25.39403,27.52162,27.48315,27.93792,28.92318,27.6149,24.87964,28.03041,26.9077,26.47912,27.85855,26.27362,26.02008,25.43479,28.23137,27.52345,27.06211,26.55647,27.14901,27.10025,26.46915,27.30888,27.07312,25.04482,26.44753,27.60581,28.64781,25.44326,26.00197,24.76101,25.46696,24.74093,28.32477,24.41636,26.47784,28.61523,28.54663,27.07436,27.68515,27.94912,25.42948,28.92085,29.01529,27.67318,28.67422,28.89715,28.67422,27.67318,29.18622,27.77493
2014,27.39263,27.66395,27.43468,27.39263,27.58764,27.58764,27.58764,27.58764,27.4289,26.65466,27.74759,28.18444,27.59011,26.12088,26.12088,24.99685,28.92668,24.91329,29.47389,24.20874,29.37058,29.47389,27.21211,27.22025,29.28964,29.75822,26.22707,23.69227,25.86811,24.95263,22.27641,23.84781,24.4943,23.34995,24.95263,21.65921,23.23301,26.73378,25.58822,24.16405,24.63386,25.1606,24.17789,27.00849,25.34184,22.32693,21.1883,24.10975,23.54438,23.19392,21.1883,22.75277,23.28529,22.48268,24.09529,22.37271,22.47589,22.41112,25.40825,25.49307,25.27079,28.33225,27.84047,26.38811,25.91014,25.59518,25.91014,25.33266,25.06296,25.91014,26.43915,25.99079,25.9694,25.16789,26.52496,26.19723,26.47858,26.71436,25.41359,25.30784,26.36463,24.81518,25.16789,26.70211,27.18715,26.70211,25.94463,26.07515,25.16789,26.99718,26.99718,27.18567,27.07332,25.43978,27.28923,23.64189,26.88907,22.18178,21.64068,20.13995,23.18463,20.13995,22.76279,23.38726,22.24959,22.24959,22.01819,26.54326,25.73403,22.4143,21.48405,22.79584,26.39614,22.44751,24.09948,24.80712,19.39274,19.39274,18.77378,17.82436,18.61885,22.32493,22.6706,20.51436,27.44523,22.6706,23.20622,18.81041,30.72932,24.8406,26.45293,26.45293,25.4811,26.19904,25.68619,25.3574,24.89792,25.25173,25.25173,24.68038,24.68038,24.60545,24.63693,24.83293,24.13871,24.13871,26.38507,24.54384,25.25173,26.39288,25.71277,23.15427,22.78244,23.66123,23.66123,21.9523,21.14408,21.14408,21.14408,25.87047,26.75937,25.74104,23.47921,24.92178,25.22896,23.91838,27.62693,25.28693,25.23063,25.23063,24.38942,20.41595,19.21301,23.51285,20.06699,24.8194,22.4309,16.29907,17.16186,25.73866,16.29907,20.09534,24.09655,25.56036,24.29663,20.85888,21.9523,21.06016,27.0883,26.53819,22.15107,23.49063,23.66921,27.75633,27.75633,27.75633,27.69274,27.5251,26.7366,26.00995,28.15518,27.86534,28.34378,29.41468,28.01551,25.11704,28.45145,27.45332,26.83537,28.34444,26.65589,26.36233,25.76822,28.70005,28.02,27.69164,27.19493,27.71408,27.75847,27.0766,27.92485,27.67463,25.62397,27.08227,28.28353,29.36723,26.05005,26.62474,25.31685,26.0703,25.30003,29.05641,24.95964,27.10978,29.33181,29.23784,27.73085,28.3654,28.64222,26.02027,29.62011,29.72099,28.34219,29.31948,29.54405,29.31948,28.34219,29.70638,28.35625
2015,27.22055,26.95781,27.86795,27.22055,27.67726,27.67726,27.67726,27.67726,27.46,27.82082,28.14438,28.52822,27.63973,25.20137,25.20137,25.68411,27.30164,25.06,27.32658,25.20164,28.01452,27.32658,26.73014,26.79836,27.30301,28.25836,25.62849,26.1474,26.62822,25.81479,25.43699,23.90493,25.84356,25.72548,25.81479,25.50438,24.12575,26.04849,25.25671,24.73452,24.60329,24.91342,24.7,25.88959,25.32849,22.80356,21.04082,24.17068,23.69096,23.72959,21.04082,23.51342,24.07616,23.78986,24.37288,23.46877,23.96712,23.10822,24.88986,24.34493,24.51753,26.6211,26.38493,25.90137,25.43534,25.11425,25.43534,25.14603,24.95068,25.43534,24.37808,25.90959,25.54849,24.6589,26.34849,26.88658,24.37945,25.74466,26.06685,24.00329,25.67589,24.34055,24.6589,25.9811,26.14658,25.9811,24.97616,25.61233,24.6589,25.8126,25.8126,25.73973,24.89151,25.06219,25.99041,24.43726,25.29726,24.57562,23.23315,21.55233,21.77233,21.55233,24.02548,23.8863,21.87041,21.87041,22.15205,25.11562,25.02137,22.23205,22.46849,23.35096,25.68274,22.94658,24.52493,25.05945,20.95233,20.95233,20.71068,20.37041,21.52575,24.43096,24.24411,23.42575,27.6989,24.24411,23.81233,21.59973,30.77781,27.48658,26.0126,26.0126,28.40247,26.09589,26.67096,25.88438,27.9663,25.50164,25.50164,22.88164,22.88164,25.20274,24.70384,24.1737,26.33315,26.33315,23.88384,24.07863,25.50164,25.83342,25.68055,23.92795,24.13973,25.72219,25.72219,21.75041,21.20219,21.20219,21.20219,24.9411,25.03863,25.65151,22.93205,25.56082,24.38603,23.36301,26.08877,24.50055,24.93233,24.93233,25.24904,21.82082,22.46986,23.6726,21.90329,25.19863,23.94274,18.56767,19.63973,25.53726,18.56767,21.29671,24.87726,25.11616,25.6463,24.22164,21.75041,21.77041,27.46795,27.34137,21.94822,23.20301,22.95589,27.64904,27.64904,27.64904,27.39589,27.61479,28.00219,27.57616,28.38027,27.78247,27.83534,28.43973,27.80877,26.6274,27.97452,27.52849,27.82986,28.21589,28,27.60192,27.6474,28.17096,28.10027,27.32493,27.3863,27.88027,27.40658,27.23836,26.95534,27.08795,27.90849,28.44164,28.57151,27.00822,26.75726,26.61123,26.89808,26.05452,27.44493,27.78548,26.77644,27.23342,28.05479,28.4126,27.39945,27.54795,26.95288,26.45918,28.40658,28.36356,27.39808,28.28301,28.47616,28.28301,27.39808,28.80849,27.81671
2016,26.80874,26.9123,27.12022,26.80874,27.16858,27.16858,27.16858,27.16858,26.64426,26.78142,27.46967,27.83962,27.27404,25.61858,25.61858,26.09891,27.45738,25.41694,28.10792,25.54672,28.73798,28.10792,26.92842,26.91995,27.70956,28.93361,26.20601,26.20027,26.66393,25.88497,25.52568,24.29317,25.95109,25.8347,25.88497,25.59426,24.46694,26.13497,25.60464,24.93661,24.99809,25.28689,25.09699,26.4877,25.7,23.42951,21.80765,24.56612,24.14399,24.19126,21.80765,23.94563,24.39645,24.1571,24.75246,23.86694,24.29945,23.57623,24.90328,24.3347,24.54426,26.46448,26.28333,25.81831,25.25929,24.95055,25.25929,24.98716,24.72322,25.25929,24.33197,25.73907,25.45738,24.39317,26.30027,26.66557,24.20383,25.95956,26.14536,23.71667,25.46475,24.14645,24.39317,26.00956,26.00464,26.00956,24.84126,25.50574,24.39317,26.31202,26.31202,25.7877,24.89891,25.25219,26.09809,24.70738,25.94563,25.15219,24.13115,21.8623,22.39563,21.8623,24.76366,23.9847,22.37732,22.37732,22.4959,24.89098,25.65109,22.4194,22.63142,23.33798,25.34481,22.98497,24.39399,24.81284,21.35546,21.35546,21.10765,20.95492,21.57623,24.81038,24.44809,23.42896,27.91858,24.44809,24.19044,22.06421,30.6724,27.77842,26.43607,26.43607,28.67951,26.51831,26.95656,26.44536,28.26776,26.15492,26.15492,24.3153,24.3153,26.55984,25.87131,25.57268,26.82049,26.82049,24.55437,25.16066,26.15492,26.59836,26.46475,23.96175,23.59863,24.61557,24.61557,22.24399,21.71175,21.71175,21.71175,25.44235,25.68169,25.72104,23.41421,25.46448,24.70683,24.01339,25.99044,24.8265,25.16038,25.16038,25.38634,22.38224,23.04481,24.09044,22.3623,25.61913,24.36038,19.24153,20.17951,25.95984,19.24153,21.7571,25.10519,25.33142,25.80874,24.58907,22.24399,22.20055,26.16612,26.70355,22.30546,23.39536,23.09836,27.89426,27.89426,27.89426,27.29126,27.34317,28.07678,27.47049,27.68607,27.99344,28.28607,28.31066,28.27131,26.67158,28.03033,27.63333,28.42186,28.06366,28.44918,28.27131,28.31721,27.81831,27.82869,27.92869,27.38497,27.86858,27.8847,27.83333,27.42213,27.56885,27.67131,27.88852,27.1888,27.72951,27.6459,27.62951,25.95628,27.22514,28.18825,28.76503,26.39481,27.37486,28.4235,28.88169,27.45273,28.0918,27.43224,27.19672,28.53607,28.61885,27.41038,28.5429,28.69426,28.5429,27.41038,28.87514,27.82568
2017,27.09466,27.11387,27.51888,27.09466,27.52678,27.52678,27.52678,27.52678,26.5796,27.33894,27.51296,27.44459,27.28964,26.05368,26.05368,26.55405,27.89345,25.55818,28.70676,26.09842,29.2157,28.70676,26.92473,26.75907,27.54089,29.25994,26.78809,24.58862,25.62115,24.92845,23.59998,23.6323,24.7729,24.50551,24.92845,23.96696,23.77776,26.02083,25.91134,24.49526,25.3601,25.92565,25.14914,27.31622,26.39411,22.57107,20.85162,24.79051,23.64596,23.51358,20.85162,22.96541,24.27638,22.81857,24.84347,23.46239,23.9131,22.31089,25.5556,24.82326,24.99074,27.84907,27.40496,27.00433,26.16213,25.91963,26.16213,25.82639,25.72798,26.16213,24.94777,26.70431,26.38064,25.27674,26.68239,26.3364,24.31323,26.65429,26.63945,24.43605,25.96077,24.89231,25.27674,26.76532,25.60696,26.76532,25.59052,26.13807,25.27674,26.34726,26.34726,25.8698,25.09081,25.15544,26.02969,25.22788,25.78298,25.11256,23.38989,21.46038,22.35323,21.46038,24.24436,24.62435,22.2458,22.2458,22.65674,25.46101,25.76189,22.27395,22.61816,23.7251,26.19566,23.00468,24.788,25.41844,20.9984,20.9984,20.98405,21.05568,21.4439,25.23131,24.83651,23.58057,27.0376,24.83651,24.76526,21.90403,29.96629,26.26565,25.86462,25.86462,27.55538,25.63731,26.43808,25.72625,27.60867,25.63684,25.63684,24.59069,24.59069,26.43863,26.27658,25.97022,25.82053,25.82053,25.33142,25.58429,25.63684,26.07798,25.75428,24.75295,24.05595,25.03914,25.03914,23.59502,23.21492,23.21492,23.21492,25.52787,26.11453,26.10421,24.29821,25.78495,25.29856,24.24796,25.39328,25.26479,25.07828,25.07828,24.85912,22.33598,22.63934,23.51355,21.32526,25.39502,23.8085,18.16758,19.34155,25.72784,18.16758,21.90916,23.60857,24.80471,24.4931,22.81364,23.59502,22.45571,26.24994,26.17173,23.08332,23.77556,23.11285,26.8452,26.8452,26.8452,26.35307,26.24273,27.04838,26.57594,27.08599,27.22423,27.75451,27.55267,27.68331,25.90908,27.66231,26.76394,27.07143,27.51005,26.93437,26.49338,26.49522,27.49828,27.47922,26.92425,26.40744,27.11349,26.71864,26.52083,26.98941,26.79581,26.61644,27.08804,27.37289,27.10906,26.73751,26.63825,25.39453,25.98144,27.31443,27.62252,25.6707,26.88308,27.69607,28.05549,26.9925,27.3829,26.93309,26.58154,28.00463,27.92872,26.82149,28.2484,28.30374,28.2484,26.82149,28.87083,27.60063
2018,26.85863,26.95126,27.46769,26.85863,27.29893,27.29893,27.29893,27.29893,26.1461,27.28992,27.22937,27.42311,27.0537,24.92694,24.92694,25.38347,26.90712,24.61957,26.6726,25.28419,27.12534,26.6726,26.01036,25.82799,26.28232,27.23772,25.14059,23.04999,24.19393,23.95593,21.82568,22.81392,23.66224,23.19658,23.95593,22.56448,23.20909,24.90755,24.95068,23.43981,24.54914,25.3035,24.72253,25.58114,25.46387,21.41342,19.68052,23.8119,22.62709,22.37582,19.68052,21.9622,23.4813,22.03675,24.04586,22.58662,22.93052,21.42924,24.99461,24.36016,24.57663,27.14617,26.76085,26.79351,25.68193,25.69174,25.68193,25.20216,25.28531,25.68193,24.83729,26.11956,25.59027,25.18855,25.95071,25.57509,24.0489,25.91918,25.8811,24.26845,26.1872,24.43752,25.18855,26.43464,25.60705,26.43464,25.55808,26.22554,25.18855,26.32985,26.32985,26.01203,25.50309,25.19713,25.93184,25.09576,25.53471,24.6202,22.42265,20.99521,22.29898,20.99521,23.41811,24.5147,21.18751,21.18751,21.70951,25.41022,25.52528,21.12758,21.56168,22.97567,26.33552,22.10144,24.24704,25.10388,19.67663,19.67663,19.96058,20.23242,20.3619,24.82098,25.00024,22.35944,26.61463,25.00024,25.02534,21.13119,30.08521,25.51322,25.79902,25.79902,27.34879,25.32392,26.39782,25.6795,27.74431,25.77809,25.77809,24.26839,24.26839,26.79692,26.85392,26.37681,25.66538,25.66538,26.12798,26.0692,25.77809,26.20959,25.77861,23.39371,22.89269,24.14628,24.14628,22.80091,22.61209,22.61209,22.61209,24.99347,25.3419,24.41927,22.57015,24.47896,23.5933,22.69092,23.88154,23.49033,23.20277,23.20277,23.85434,21.52332,21.66032,22.67495,20.01352,25.01852,23.09046,16.26697,17.82099,25.33995,16.26697,21.10007,22.20051,23.54184,23.36504,21.25957,22.80091,21.22746,26.04631,25.48187,22.69611,23.55964,22.64054,26.59656,26.59656,26.59656,26.32449,25.8047,26.58891,25.909,27.02081,27.06797,27.21978,27.14273,27.25602,25.52747,27.66362,26.37371,26.71771,27.14602,26.14186,25.72907,25.61985,27.28953,27.29213,26.3862,25.73844,26.95419,26.06125,25.78381,26.95262,26.55742,26.00788,26.513,27.12008,26.32488,26.11449,25.92822,24.5662,24.99768,26.75126,26.83417,24.86086,26.34927,26.89803,27.05462,26.52832,26.68239,26.50557,26.05816,27.34168,27.26478,26.24592,27.9363,28.0686,27.9363,26.24592,27.53703,27.32569
2019,26.56422,26.73687,27.17611,26.56422,27.13527,27.13527,27.13527,27.13527,25.96732,27.00578,26.98654,26.95685,26.7868,25.21674,25.21674,25.57013,26.63641,24.71423,26.88818,25.48455,27.2969,26.88818,26.48793,26.27054,26.7325,27.33193,25.65994,23.49673,24.69795,24.32258,22.33831,23.23745,24.08016,23.69443,24.32258,22.93481,23.66208,25.51296,25.54435,23.95279,24.94567,25.73048,25.03458,26.05128,25.95505,21.66285,19.94811,24.20556,23.00146,22.88325,19.94811,22.48868,23.13976,22.34195,23.92021,22.6134,22.90908,21.76408,25.38692,24.6399,24.69363,26.93691,26.55936,26.285,25.47804,25.3828,25.47804,25.39158,25.28828,25.47804,24.9472,26.0959,25.80819,25.19288,26.48529,26.08993,24.17542,26.20528,26.19832,24.31013,26.17529,24.71606,25.19288,26.07268,25.55896,26.07268,25.36918,25.82692,25.19288,26.25166,26.25166,26.18143,25.68353,25.47493,25.94141,25.02257,25.58886,24.66628,22.49604,21.32719,22.25557,21.32719,23.46982,24.74507,21.67203,21.67203,22.16084,25.54418,25.70532,21.31387,21.69465,23.18446,26.21991,22.28631,24.36968,25.1783,19.87776,19.87776,20.12611,20.41123,20.52137,24.90503,24.90368,22.97112,26.84663,24.90368,24.9227,21.32756,29.51707,24.99256,25.32252,25.32252,26.67981,24.88749,25.79664,25.214,27.02121,25.31078,25.31078,24.21827,24.21827,26.23289,26.39723,25.86299,25.12397,25.12397,25.88551,25.67017,25.31078,25.68745,25.25916,23.75687,23.12489,24.22695,24.22695,23.01429,23.05716,23.05716,23.05716,24.97749,25.63468,24.75427,22.66817,24.64202,23.73673,22.84674,24.04312,23.73775,23.40737,23.40737,23.74687,21.62793,21.81671,22.81687,20.19264,25.05589,23.15341,16.7787,18.27174,25.25781,16.7787,21.89005,22.21515,23.57078,23.20592,21.2773,23.01429,21.47,25.87337,25.42161,23.53009,24.2367,23.32603,26.38265,26.38265,26.38265,26.03239,25.5504,26.45948,25.72356,26.51643,26.92489,27.49793,27.49358,27.30509,25.76165,27.74383,26.53729,26.65804,27.23218,25.89847,25.60477,25.24124,27.42391,27.50356,26.36965,25.64449,27.03177,25.87211,25.81934,27.23173,26.66824,25.81825,26.37828,26.98412,26.70273,26.25853,26.12769,24.80061,25.41002,26.91147,27.09112,25.10458,26.60919,27.14371,27.29116,26.6839,26.98143,26.80175,26.32924,27.50096,27.40304,26.45065,27.9765,28.09549,27.9765,26.45065,27.49684,27.32684
2020,26.62376,26.94398,27.20987,26.62376,27.20962,27.20962,27.20962,27.20962,26.33943,26.8965,27.61033,27.42694,27.13717,25.41531,25.41531,25.81197,27.16608,24.88214,27.20426,25.56488,27.57996,27.20426,26.26035,25.97323,26.64798,27.70279,25.67054,23.24084,24.33403,24.25389,22.01258,23.1761,23.90244,23.42207,24.25389,22.65762,23.58396,25.05161,25.2181,23.62264,24.87634,25.53898,24.97606,26.00519,25.76368,21.6677,20.0044,24.14621,22.98561,22.9023,20.0044,22.36178,23.53004,22.14255,24.12949,22.72681,23.00502,21.52931,25.69943,24.95044,25.06556,27.4325,27.0025,26.74129,25.95665,25.76414,25.95665,25.68488,25.689,25.95665,25.47214,26.48813,26.22114,25.1805,25.83975,25.47991,23.80431,26.04413,26.13779,24.21886,25.64887,24.86126,25.1805,26.25613,25.08502,26.25613,25.40317,26.0238,25.1805,26.81599,26.81599,26.52541,26.06387,25.77353,26.40408,25.55324,26.15556,25.33249,22.9691,21.25623,22.4916,21.25623,24.05637,25.07877,21.89042,21.89042,22.31552,25.91309,26.09535,21.44964,21.86278,23.44802,26.52817,22.66981,24.71846,25.49308,19.95086,19.95086,20.29477,20.64432,20.7225,24.82346,24.37432,22.51526,26.59685,24.37432,25.26758,21.29988,29.59124,25.49007,25.72895,25.72895,27.0594,25.2749,26.28343,25.63496,27.38159,25.62087,25.62087,24.3495,24.3495,26.6554,26.76621,26.24274,25.50533,25.50533,26.43315,26.10384,25.62087,26.15624,25.72051,23.28048,22.60097,23.92979,23.92979,22.52716,22.54137,22.54137,22.54137,24.9486,25.13835,24.26562,22.29894,24.02422,23.36715,22.42246,23.40706,23.3004,22.84055,22.84055,23.75314,21.88818,22.01232,23.14106,20.55676,25.17474,23.35467,16.96468,18.48592,25.3212,16.96468,21.67806,22.49835,23.43324,23.44752,21.54903,22.52716,21.45214,25.79966,25.46826,22.8209,24.22718,23.33462,26.6707,26.6707,26.6707,26.27182,25.99998,26.67787,26.0531,27.09536,27.15481,27.6398,27.45707,27.46346,25.86833,27.75396,26.32282,26.70211,27.2031,26.25092,25.79183,25.67621,27.46862,27.44626,26.23289,25.82481,26.9906,26.06153,25.8296,26.87386,26.47705,26.09101,26.59682,27.17698,26.64263,26.34414,26.1634,24.77909,25.37628,26.97851,27.0955,25.06672,26.60432,27.22302,27.42443,26.63482,27.03501,26.79322,26.30591,27.49009,27.50045,26.413,28.25148,28.31488,28.25148,26.413,28.02125,27.71982
2021,25.86688,26.326,26.39852,25.86688,26.43099,26.43099,26.43099,26.43099,25.39871,26.05127,26.75134,26.52218,26.42699,25.03589,25.03589,25.41919,26.80038,24.69567,26.67389,25.19699,27.13856,26.67389,26.12558,25.8155,26.40996,27.32918,25.25886,22.08398,23.18714,23.79935,20.80283,22.69396,23.36136,22.81658,23.79935,21.94155,22.96258,24.84484,24.94952,23.33391,24.33705,25.10979,24.45212,25.50819,25.40255,21.15167,19.62728,23.54296,22.36279,22.22882,19.62728,21.6778,23.14029,21.52538,23.68675,22.33472,22.64733,20.9858,25.53971,24.67043,24.96927,27.0001,26.56271,26.1606,25.3303,25.07831,25.3303,25.09567,25.07338,25.3303,24.9325,25.78209,25.68858,24.47959,25.6105,25.14023,23.55256,25.51647,25.65184,23.7462,25.46992,24.2315,24.47959,25.56743,24.26983,25.56743,24.70164,25.22857,24.47959,26.32382,26.32382,26.17801,25.69474,25.36688,25.98486,25.40376,25.71277,24.99397,22.70751,21.02214,22.21283,21.02214,23.76378,24.84626,21.76946,21.76946,22.21306,25.10133,25.79009,20.8197,21.29736,22.79875,25.81341,21.83345,23.90215,24.72822,19.39156,19.39156,19.90465,20.19901,20.09064,24.39986,24.28579,21.91952,26.16719,24.28579,25.00998,21.06552,28.59167,25.0204,25.097,25.097,26.5978,24.62376,25.71609,25.05085,26.85611,25.01993,25.01993,23.89672,23.89672,26.19071,26.44276,25.88431,24.91013,24.91013,26.29441,25.90814,25.01993,25.62721,25.20537,22.50824,21.88535,23.05082,23.05082,21.76526,21.73714,21.73714,21.73714,24.5126,24.58691,23.86123,21.6923,23.49313,22.74141,21.93238,23.05208,22.66739,22.36779,22.36779,23.30917,21.38547,21.48886,22.57484,19.87698,24.73709,22.8763,16.29118,17.79414,24.91698,16.29118,20.77294,21.95945,22.99191,22.92676,21.00729,21.76526,20.78478,24.92171,24.7596,21.88202,23.52188,22.60862,26.17198,26.17198,26.17198,25.55297,25.24013,26.22498,25.47567,26.20677,26.67725,27.26021,26.49557,27.07414,25.44831,27.41661,25.58805,26.37562,26.73859,25.82868,25.35858,25.21364,27.12969,27.04609,25.8313,25.60304,26.60272,25.74583,25.53337,26.16482,25.97392,25.92705,26.35792,26.92065,26.20513,26.18205,25.89115,24.37741,25.06227,26.81478,26.84248,24.72487,26.20543,26.91392,27.02957,26.28277,26.6623,26.37658,25.89444,27.1493,27.16717,26.09551,27.60616,27.59915,27.60616,26.09551,27.57159,26.89488
