Stations,RUBUNGORAB,KABUYESW,BUTAMWA,MULINDI,RWESERO,RUKOZO,RUTONGO,CYINZUZI,MUGAMBAZI,RUSIGA,BUTARO,KINONI,NTARUKA,KAGOGO,RUHUNDE,SHINGIRO,NYANGEKABEZA,KINIGI,REMERA,NEMBAPAROISSE,CYABINGO,MINAZI,MUYONGWE,JANJA,RUSHASHI,RULI,GACURABWENGE,MUGINA,KAYENZI,NYABINONI,RUGENDABARI,KIVUMU,KIBANGU,NYAMABUYE,MWENDO,GITWE,KIGOMA,KINAZI,RURANGAZI,NYAMIYAGAPAROISSE,BUSASAMANANYANZA,KARAMAGAHORORO,KIGOMA,SIMBI,NYAKIBANDA,RUBONA,GIKONKO,CYILI,MUKINDO,GAKOMA,SAVE,KANSI,KIGEMBE,CYAHINDA,RUNYOMBYI,KIBEHO,MUDASOMWATARESECTOR,GATARE,BURUHUKIRO,MUSHUBIPAROISSE,KADUHASECTOR,CYANIKAKUISHURI,KIGEMEKUISHURI,KITABITEA,NYAMATAPAROISSE,RUHUHA,JURU,KARAMA,GISHALI,MWULIRE,NZIGE,RWAMAGANA,MUSHA,KABARONDO,GAHINI,MWIRI,MUKARANGE,RWINKWAVU,NDEGO,MURUNDI,KIZIGURO,RWIMBOGO,GABIRO,GASANGE,NYAGAHANGA,NGARAMA,KABARORE,MUHURA,NYAKIGAKARAMA,KAGITUMBAGARDENFRESH,GATUNDA,MUTENDERI,SAKE,ZAZA,JARAMA,KIREHE,MUSAZA,NYAMUGALI,NYARUBUYE,MPANGA,GAHARA,MURAMBA,GATUMBA,KABAYA,MUHANDARUBAYA,NYANGE,SOVU,NYUNDO,RYABIZIGE,BUSASAMANA,KANAMA,RUGABANO,GISHYITA,RUGABANOTEA,TWUMBA,MUSHUBATI,GIHANGO,BONEZA,MURUNDAPAROISSE,RUGERA,RWANKERI,BIGOGWE,NYAMASHEKE,NTENDEZI,CYATO,KIRIMBI,KANJONGO,SHANGI,NKANKA,NYAKABUYE,MURURU,MIBIRIZI,GITEGA,KIGALIAERO,GIKONGOROMET,BYIMANA,RUBENGERAMET,GISENYIAERO,KAMEMBEAERO,BUSOGOISAE,RUHENGERIAERO,BYUMBAMET,NYAGATARE,KAWANGIRE,KIBUNGOKAZO,BUGARAMARIZ
LON,30.16,30.07111,30.03333,30.05,30.16,29.94833,30.05,30,30.05,29.94778,29.83,29.71,29.75,29.76,29.93,29.5,29.51,29.59419,29.75,29.78,29.68,29.78,29.87,29.67,29.85726,29.81,29.91,29.94,29.85,29.68,29.66,29.8,29.68,29.78,29.68,29.7,29.8,29.91,29.65,29.86,29.76,29.64,29.63,29.7,29.68,29.76,29.86,29.88,29.91,29.85,29.76,29.75,29.7,29.6,29.51,29.55,29.45,29.48185,29.38,29.45,29.53,29.6,29.53,29.43,30.45,30.01,30.19,30.28,30.42961,30.4046,30.34012,30.43,30.3327,30.5575,30.50751,30.57677,30.5,30.605,30.71153,30.54625,30.28,30.44,30.4,30.29,30.2,30.23,30.38,30.23,30.3,30.56,30.21,30.48,30.39029,30.43251,30.37914,30.66,30.62915,30.74958,30.75319,30.79871,30.50404,29.68,29.63306,30.55293,29.63194,29.58,29.52,29.31,29.31,29.34514,29.35,29.48019,29.29194,29.47938,29.36242,29.3977,29.38365,29.30694,29.38333,29.61,29.51,29.42374,29.08,29.04478,29.20117,29.22428,29.13669,29.00594,28.93214,29.02669,28.89019,28.95642,30.06,30.11,29.55,29.71,29.41,29.26,28.91,29.55,29.61,30.05,30.31,30.43,30.5,29.02
ANNUAL/LAT,-1.92,-1.890556,-2.016667,-1.48,-1.8,-1.62194,-1.81,-1.76,-1.8,-1.61,-1.41,-1.43,-1.46,-1.55,-1.6,-1.5,-1.46,-1.440278,-1.53,-1.6,-1.56,-1.73,-1.72,-1.68,-1.727652,-1.81,-2.1,-2.11,-1.9,-1.76,-1.95,-2.05,-1.83,-2.08,-2.15528,-2.21,-2.23,-2.2,-2.35,-2.46,-2.35,-2.6,-2.46,-2.52,-2.65,-2.46,-2.48,-2.48,-2.46,-2.71,-2.55,-2.7,-2.73,-2.73,-2.78,-2.65,-2.5,-2.514158,-2.38,-2.36,-2.33,-2.43,-2.48,-2.55,-2.15,-2.35,-2.1,-2.26,-1.913807,-1.97656,-2.02628,-1.93,-1.931578,-2.01056,-1.847942,-1.880582,-1.9,-1.972123,-2.014543,-1.704987,-1.63,-1.63,-1.55,-1.8,-1.61,-1.58,-1.62,-1.52,-1.218333,-1.63,-1.36,-2.26,-2.225327,-2.155898,-2.277985,-2.26,-2.3314,-2.285803,-2.18378,-2.16765,-2.334903,-1.56,-1.9475,-1.770633,-1.94778,-2.05,-1.91,-1.7,-1.62,-1.604867,-1.7,-2.056472,-2.155167,-2.09678,-2.241972,-2.016467,-1.95,-1.903333,-1.916667,-1.61,-1.58,-1.626994,-2.34,-2.446222,-2.407028,-2.256861,-2.318444,-2.409639,-2.418833,-2.563722,-2.537361,-2.573806,-1.96,-1.95,-2.48,-2.16,-2.07,-1.68,-2.46,-1.56,-1.48,-1.6,-1.28,-1.81,-2.15,-2.68
1983,15.51225,15.47244,15.75534,12.70663,15.19447,12.17636,13.47688,12.58537,13.47688,12.17636,11.49926,10.71581,11.83967,11.80474,12.01638,8.41512,8.44992,10.34301,11.88,11.97844,13.10614,13.54605,12.23211,14.82093,12.49778,14.16364,14.32814,14.32814,15.25263,14.58652,14.56929,12.41595,14.53756,12.50649,14.79255,14.12416,13.80668,14.53553,14.6743,13.43345,14.62507,12.8369,14.19082,14.81921,14.20647,14.17644,13.43345,13.27195,13.40488,13.72225,15.05953,14.30312,14.46899,13.41241,11.86992,13.00447,10.78701,11.35751,10.40277,12.78841,13.37214,14.41438,12.7929,10.68079,15.56274,14.39,15.37107,15.65323,16.10912,16.26482,15.29318,16.10912,15.64334,16.19233,16.46918,16.52797,16.13074,16.60819,16.19153,15.35016,14.04901,15.49392,15.63011,14.92342,13.23929,13.66797,15.35888,13.81049,14.6534,15.23101,14.40268,15.16178,14.62211,15.56274,14.84953,16.54315,16.64301,16.86301,16.67167,16.54058,15.04759,13.10614,13.14153,15.97219,13.14153,12.91819,11.21216,12.61589,12.46342,11.46153,11.87696,12.76099,14.60238,13.07721,12.27241,15.75449,12.6677,13.57603,13.74622,11.23082,8.6831,10.04066,13.64501,12.68855,11.75145,13.64973,13.61836,14.91636,14.09841,11.72951,13.44214,11.99471,15.96093,16.00362,13.5203,14.2917,16.02863,15.43436,15.45493,9.94611,11.60436,12.88485,14.76444,15.15449,15.45301,18.48504
1984,15.11429,15.06451,15.32475,12.45522,14.8074,11.94393,13.14664,12.29831,13.14664,11.94393,11.29639,10.56402,11.63025,11.58579,11.78279,8.4309,8.3862,10.21128,11.66158,11.75361,12.84885,13.24699,11.94626,14.48383,12.20658,13.83448,13.93011,13.93011,14.84683,14.25896,14.18645,12.09749,14.19986,12.16016,14.3865,13.73025,13.41885,14.12913,14.24385,13.03631,14.20333,12.46626,13.7765,14.37921,13.78683,13.75962,13.03631,12.87997,13.00746,13.31385,14.61817,13.87992,14.03842,13.02339,11.56828,12.65648,10.51478,11.06484,10.15235,12.46005,13.01317,13.99454,12.45656,10.41033,15.11743,13.96183,14.9438,15.19699,15.66574,15.81205,14.89358,15.66574,15.2071,15.74656,16.02363,16.07858,15.68656,16.14645,15.73333,14.95303,13.72828,15.10686,15.24235,14.54546,12.94574,13.35869,14.98301,13.49519,14.30344,14.84913,14.06363,14.71366,14.19374,15.11743,14.41694,16.05929,16.15948,16.38847,16.20648,16.07456,14.60448,12.84885,12.80683,15.54839,12.80683,12.59243,10.99945,12.37806,12.26363,11.28842,11.66587,12.47186,14.21402,12.76923,11.97148,15.36536,12.39257,13.27863,13.43604,11.04287,8.59743,9.91667,13.29776,12.35689,11.43484,13.30186,13.26249,14.53467,13.75033,11.43746,13.11746,11.7047,15.52413,15.56705,13.16347,13.8947,15.6197,15.14806,15.06929,9.82172,11.42699,12.64008,14.41369,14.75432,15.00948,17.98178
1985,14.94567,14.92504,15.16312,12.29044,14.64775,11.77967,12.99458,12.15789,12.99458,11.77967,11.14597,10.37318,11.47849,11.44721,11.62688,8.21082,8.17129,10.01356,11.52142,11.61019,12.71244,13.10036,11.8189,14.34479,12.07715,13.6977,13.7854,13.7854,14.7114,14.11729,14.09203,11.97712,14.06,12.06104,14.28315,13.60816,13.29973,13.97214,14.12866,12.90121,14.06778,12.32488,13.64115,14.24981,13.65614,13.62247,12.90121,12.74803,12.87948,13.18323,14.46644,13.75049,13.90852,12.89386,11.44299,12.54003,10.38879,10.93877,10.03085,12.33622,12.9114,13.86384,12.32901,10.28658,14.90562,13.83126,14.76414,14.99915,15.44858,15.59214,14.692,15.44858,15.01008,15.52055,15.806,15.85742,15.46995,15.90636,15.514,14.78027,13.57732,14.95222,15.09619,14.37216,12.78827,13.20978,14.84644,13.35085,14.16841,14.69052,13.92956,14.50658,14.01359,14.90562,14.23178,15.81992,15.91556,16.14049,15.96877,15.84101,14.40397,12.71244,12.71742,15.3611,12.71742,12.49238,10.87033,12.24712,12.09959,11.11992,11.52214,12.3471,14.11373,12.64907,11.85556,15.25507,12.29655,13.18534,13.34937,10.88726,8.40403,9.73318,13.19455,12.25827,11.35449,13.20145,13.16712,14.4229,13.62868,11.3303,12.99279,11.58871,15.36077,15.39485,13.03101,13.77786,15.51893,14.97885,14.94384,9.64266,11.24729,12.45901,14.27849,14.58085,14.80164,17.88247
1986,14.93468,14.91732,15.1043,12.33986,14.64137,11.83362,13.00937,12.17603,13.00937,11.83362,11.18395,10.43882,11.51101,11.47263,11.67499,8.29093,8.25416,10.07956,11.54548,11.64392,12.72871,13.09466,11.82855,14.33101,12.08595,13.67485,13.71011,13.71011,14.66258,14.10732,14.00107,11.94293,14.02466,11.98148,14.17633,13.50751,13.20452,13.89255,14.006,12.79701,13.94816,12.21912,13.52014,14.122,13.53121,13.50074,12.79701,12.64532,12.77397,13.07682,14.34008,13.62663,13.78101,12.77827,11.33745,12.4154,10.29614,10.83877,9.94537,12.21912,12.78608,13.74016,12.21173,10.19392,14.83159,13.7189,14.71729,14.90216,15.42888,15.57142,14.68058,15.42888,15.00436,15.47499,15.80726,15.85879,15.45022,15.86359,15.45879,14.79222,13.60778,14.97997,15.12378,14.38093,12.82803,13.24178,14.87077,13.38285,14.20381,14.71389,13.964,14.41734,13.94627,14.83159,14.14104,15.72756,15.82041,16.07871,15.9151,15.78868,14.31227,12.72871,12.64726,15.37427,12.64726,12.41751,10.85315,12.23748,12.1206,11.15071,11.52542,12.27233,13.99863,12.5689,11.72797,15.14748,12.23808,13.11329,13.29225,10.92929,8.4731,9.78216,13.05942,12.12984,11.21849,13.06849,13.02868,14.27247,13.49025,11.21614,12.86099,11.4737,15.30482,15.33912,12.90553,13.67655,15.40299,14.96085,14.78737,9.68973,11.29033,12.51381,14.31767,14.59014,14.72978,17.67923
1987,15.44545,15.40619,15.69688,12.64784,15.13219,12.12603,13.41573,12.51805,13.41573,12.12603,11.44244,10.64962,11.78342,11.75304,11.96827,8.4163,8.37877,10.28,11.82827,11.92205,13.04871,13.48085,12.16192,14.74647,12.42652,14.10129,14.27507,14.27507,15.17655,14.51723,14.48458,12.36942,14.47345,12.43811,14.71855,14.03118,13.72134,14.4763,14.58729,13.35504,14.54419,12.7326,14.0914,14.73066,14.10534,14.09099,13.35504,13.19351,13.32611,13.63726,14.9669,14.20699,14.36742,13.31038,11.74671,12.87858,10.66167,11.2309,10.28104,12.65121,13.258,14.31532,12.66153,10.55688,15.4406,14.30775,15.30279,15.55742,15.99071,16.14151,15.22504,15.99071,15.54427,16.05562,16.3197,16.37438,16.00912,16.44989,16.02696,15.22792,13.9774,15.3697,15.50825,14.82803,13.16493,13.59726,15.27104,13.73564,14.5557,15.10389,14.31178,15.0471,14.54208,15.4406,14.77422,16.39603,16.49923,16.68751,16.504,16.37033,14.94458,13.04871,13.06151,15.83233,13.06151,12.83542,11.13479,12.54723,12.39929,11.39627,11.80644,12.68784,14.48233,12.99926,12.18247,15.65781,12.57351,13.47948,13.65055,11.1746,8.61641,9.97986,13.49805,12.54162,11.61773,13.50773,13.47301,14.7529,13.93956,11.59471,13.28816,11.8574,15.8997,15.9389,13.38521,14.20132,15.92967,15.34926,15.28378,9.88978,11.54737,12.8303,14.66384,15.03899,15.33468,18.30238
1988,15.245,15.2156,15.51019,12.37145,14.9379,11.8344,13.21377,12.28027,13.21377,11.8344,11.1494,10.30779,11.48027,11.46347,11.68792,7.93454,7.95025,9.92391,11.53486,11.62216,12.73817,13.17762,11.94276,14.41984,12.20391,13.8185,14.07257,14.07257,14.96251,14.19126,14.26374,12.16358,14.16314,12.24546,14.49984,13.82303,13.51926,14.26738,14.36541,13.21806,14.32358,12.52724,13.87432,14.51579,13.8976,13.89128,13.21806,13.06281,13.20071,13.50216,14.74131,14.00071,14.16025,13.10445,11.48022,12.61481,10.40541,10.97036,10.01839,12.35918,12.98462,14.09314,12.3844,10.305,15.23246,14.16831,15.12363,15.39609,15.76432,15.91019,14.96612,15.76432,15.3032,15.81648,16.05932,16.11148,15.77563,16.20415,15.77877,14.99852,13.78164,15.13986,15.28842,14.60587,12.95678,13.40557,15.07907,13.55,14.3771,14.88016,14.13596,14.84041,14.34593,15.23246,14.59937,16.16355,16.27025,16.41885,16.23391,16.10202,14.74,12.73817,12.83541,15.59615,12.83541,12.60347,10.815,12.13492,11.94079,10.95391,11.39716,12.37279,14.17358,12.6912,11.82156,15.31762,12.19208,13.08008,13.30642,10.85735,8.21429,9.55251,13.14158,12.21314,11.31464,13.16112,13.13541,14.36779,13.55634,11.27456,12.91183,11.51937,15.70872,15.74418,13.10292,13.99402,15.60112,14.76967,14.87402,9.48721,11.20978,12.53169,14.48585,14.81478,15.11702,17.89262
1989,14.94375,14.91205,15.17655,12.12951,14.64764,11.58175,12.91038,11.99748,12.91038,11.58175,10.92921,10.02523,11.25718,11.24786,11.44595,7.62279,7.62737,9.6397,11.31893,11.36945,12.50559,12.89438,11.6917,14.12792,11.94786,13.54378,13.69822,13.69822,14.61816,13.88241,13.9434,11.85441,13.84718,11.90858,14.12732,13.44658,13.14833,13.88299,13.92436,12.8546,13.88652,12.11014,13.44074,14.07753,13.47795,13.47685,12.8546,12.70592,12.84918,13.13258,14.28332,13.58044,13.74693,12.69411,11.09164,12.22134,10.0131,10.57737,9.62775,11.94521,12.60575,13.662,11.97507,9.91707,14.86649,13.808,14.76827,15.00449,15.39507,15.53252,14.62518,15.39507,14.94148,15.45518,15.71085,15.75627,15.41082,15.82016,15.4243,14.72159,13.54614,14.9091,15.07781,14.32093,12.7123,13.17304,14.85367,13.32948,14.18142,14.65433,13.94238,14.46718,13.99989,14.86649,14.23485,15.73868,15.83285,16.01208,15.83137,15.70255,14.37236,12.50559,12.49674,15.28868,12.49674,12.27822,10.43874,11.88808,11.67082,10.67836,11.13759,12.03685,13.85041,12.35008,11.4629,14.96658,11.87934,12.78392,12.99696,10.59455,7.9117,9.27022,12.81663,11.89616,10.99627,12.84027,12.82049,14.02033,13.20912,10.9617,12.57515,11.20192,15.37107,15.40493,12.67863,13.61937,15.24726,14.47326,14.51222,9.22038,10.95814,12.2629,14.29444,14.51975,14.75523,17.51921
1990,15.17,15.1326,15.44644,12.31616,14.85625,11.7794,13.13184,12.20227,13.13184,11.7794,11.11658,10.25964,11.44926,11.43121,11.63392,7.8763,7.87874,9.87841,11.50386,11.57405,12.70436,13.11918,11.87929,14.36145,12.13975,13.75962,13.99603,13.99603,14.88337,14.12364,14.20858,12.09077,14.11803,12.17058,14.42751,13.76227,13.45389,14.20115,14.29003,13.17463,14.26104,12.47649,13.81789,14.45715,13.84488,13.84389,13.17463,13.02079,13.15923,13.44975,14.68693,13.94545,14.10767,13.05137,11.41882,12.55515,10.34395,10.91025,9.94885,12.28605,12.91836,14.03416,12.32362,10.24397,15.15419,14.11745,15.06121,15.33241,15.67422,15.81627,14.87844,15.67422,15.18666,15.73995,15.976,16.02603,15.69022,16.11915,15.70395,14.92775,13.70822,15.07033,15.22096,14.52345,12.88463,13.33129,15.01044,13.47734,14.3131,14.81575,14.07112,14.7731,14.27786,15.15419,14.53789,16.09419,16.20027,16.3371,16.14504,16.01063,14.67614,12.70436,12.77123,15.51767,12.77123,12.5557,10.71764,12.09718,11.90263,10.91058,11.35296,12.33879,14.12121,12.65512,11.79468,15.28164,12.13592,13.02989,13.26458,10.80948,8.14696,9.50203,13.09011,12.162,11.27148,13.1111,13.08868,14.31203,13.49912,11.22378,12.85556,11.46742,15.63959,15.67951,13.0383,13.92948,15.56258,14.72033,14.81518,9.43658,11.17625,12.47301,14.42249,14.72751,15.03805,17.84079
1991,15.20014,15.12808,15.45044,12.27173,14.87764,11.72375,13.09964,12.17115,13.09964,11.72375,11.04693,10.15181,11.37567,11.36433,11.58129,7.70416,7.77296,9.76145,11.43496,11.49438,12.63178,13.07219,11.85247,14.3069,12.10915,13.73175,13.99405,13.99405,14.84934,14.06151,14.10778,12.04605,14.02573,12.12266,14.36948,13.71299,13.41403,14.20364,14.21732,13.15219,14.20005,12.41427,13.75479,14.40414,13.79326,13.80153,13.15219,12.99948,13.14279,13.43586,14.63518,13.89745,14.06334,12.99082,11.37515,12.52134,10.28789,10.85989,9.87463,12.22142,12.8754,13.96811,12.27534,10.19066,15.26992,14.11296,15.10633,15.38734,15.78915,15.9391,14.99436,15.78915,15.31044,15.86189,16.10036,16.15337,15.80575,16.244,15.84644,15.03403,13.72827,15.14019,15.28296,14.58504,12.88762,13.34285,15.04915,13.49219,14.33729,14.89797,14.08879,14.87395,14.36945,15.26992,14.60816,16.19682,16.29668,16.48099,16.28225,16.1514,14.77427,12.63178,12.64482,15.63082,12.64482,12.43479,10.55101,12.02551,11.81764,10.8217,11.27359,12.2109,14.06112,12.53504,11.7091,15.14148,12.03644,12.92375,13.1023,10.71315,8.04997,9.40526,13.10479,12.18079,11.27197,13.10329,13.09896,14.3457,13.53104,11.24222,12.90123,11.4946,15.6477,15.69488,12.99173,13.8771,15.43573,14.69929,14.86518,9.352,11.07866,12.42233,14.44277,14.84189,15.15778,17.91162
1992,15.51541,15.46306,15.76697,12.58169,15.19702,12.03115,13.41989,12.46913,13.41989,12.03115,11.33325,10.45713,11.66473,11.64549,11.88107,7.96205,8.01358,10.0609,11.71719,11.79246,12.93568,13.37104,12.1368,14.63123,12.40281,14.02167,14.26555,14.26555,15.18036,14.38792,14.43298,12.32317,14.34743,12.37363,14.65926,13.97541,13.6685,14.46612,14.50505,13.39407,14.47107,12.65459,14.01607,14.66686,14.04852,14.04462,13.39407,13.24036,13.38355,13.68115,14.89962,14.15249,14.31577,13.2423,11.59806,12.75139,10.50052,11.07404,10.11074,12.47863,13.11383,14.23413,12.50833,10.40057,15.49975,14.36776,15.3718,15.64104,16.04617,16.19538,15.22951,16.04617,15.56257,16.1106,16.36423,16.4168,16.06096,16.50486,16.07101,15.27328,14.01992,15.43281,15.58607,14.86893,13.18082,13.63519,15.35301,13.78527,14.64117,15.16833,14.39421,15.09254,14.58467,15.49975,14.83374,16.44221,16.54923,16.72219,16.52806,16.39221,14.99224,12.93568,12.97314,15.8806,12.97314,12.74642,10.86131,12.29522,12.08527,11.08041,11.54172,12.49238,14.31934,12.81227,11.94333,15.46861,12.30533,13.20893,13.44708,11.00781,8.28697,9.65683,13.30301,12.35981,11.44142,13.31642,13.2959,14.55093,13.72705,11.4082,13.07844,11.65992,15.96836,16.00691,13.23773,14.15049,15.75579,14.94429,15.06929,9.59727,11.37981,12.74003,14.75495,15.07773,15.38396,18.13809
1993,15.57723,15.54942,15.78975,12.778,15.2677,12.24981,13.55321,12.65288,13.55321,12.24981,11.5629,10.77978,11.89608,11.86107,12.08627,8.42107,8.42986,10.40077,11.93403,12.03866,13.15808,13.56918,12.28753,14.8374,12.55542,14.18189,14.35614,14.35614,15.28241,14.6103,14.58244,12.4591,14.54307,12.52688,14.82488,14.12307,13.814,14.55227,14.69614,13.43247,14.6311,12.82112,14.18408,14.82148,14.19699,14.16715,13.43247,13.27129,13.40348,13.72712,15.054,14.2986,14.45414,13.40521,11.84397,12.97896,10.76737,11.33049,10.39792,12.77562,13.34945,14.41112,12.76244,10.66244,15.56014,14.39038,15.40641,15.64033,16.13762,16.28786,15.37597,16.13762,15.69748,16.21964,16.49304,16.5494,16.15803,16.62132,16.18586,15.40444,14.13956,15.56,15.69978,14.98808,13.32222,13.75518,15.44219,13.89756,14.72753,15.28729,14.48115,15.154,14.63233,15.56014,14.86236,16.52822,16.62953,16.85614,16.67732,16.54548,15.04959,13.15808,13.17216,16.01364,13.17216,12.93488,11.23529,12.5754,12.40351,11.40929,11.84353,12.75436,14.52299,13.06833,12.23395,15.72063,12.61592,13.51551,13.73518,11.28849,8.66299,10.00879,13.55367,12.60008,11.65981,13.55748,13.52923,14.81263,13.9994,11.65238,13.34378,11.91192,15.99671,16.03392,13.48921,14.29866,15.99825,15.29268,15.34534,9.92236,11.66104,12.96093,14.84107,15.20644,15.4583,18.37047
1994,15.60351,15.54255,15.80332,12.72948,15.28,12.1803,13.50175,12.58605,13.50175,12.1803,11.48436,10.61627,11.82142,11.79652,12.02534,8.15923,8.20066,10.22375,11.87047,11.93962,13.09537,13.50279,12.24753,14.77304,12.51381,14.15178,14.29792,14.29792,15.24156,14.52496,14.50414,12.38033,14.45973,12.43282,14.72107,14.03712,13.72792,14.50041,14.53074,13.39186,14.49685,12.68603,14.04934,14.69236,14.08159,14.06915,13.39186,13.23444,13.37655,13.68041,14.92855,14.18238,14.35301,13.27652,11.69088,12.84482,10.58559,11.16496,10.18786,12.59047,13.2189,14.27334,12.60852,10.48326,15.60205,14.37485,15.43233,15.65915,16.18877,16.33808,15.39671,16.18877,15.70937,16.26263,16.55732,16.61118,16.2117,16.6614,16.24551,15.48351,14.16403,15.63066,15.78197,15.01973,13.32381,13.77271,15.50858,13.92608,14.80005,15.36978,14.54523,15.1709,14.6597,15.60205,14.87156,16.53995,16.63277,16.88384,16.69205,16.5586,15.06211,13.09537,13.02712,16.09584,13.02712,12.81044,10.9846,12.48315,12.30227,11.28663,11.72548,12.60764,14.45101,12.92636,12.10578,15.59778,12.46847,13.3854,13.57937,11.15863,8.46438,9.84942,13.47263,12.51885,11.57362,13.47386,13.45811,14.73984,13.91337,11.55956,13.26553,11.82263,16.0069,16.05304,13.3371,14.20948,15.88438,15.23789,15.27419,9.78277,11.54616,12.89482,14.91682,15.26704,15.49474,18.34581
1995,15.47455,15.39205,15.6643,12.62559,15.15282,12.07595,13.35808,12.45521,13.35808,12.07595,11.38282,10.51038,11.72173,11.69655,11.92392,8.10214,8.13918,10.12655,11.77153,11.83184,12.99381,13.39737,12.1211,14.67003,12.38395,14.04397,14.16649,14.16649,15.08101,14.41592,14.35425,12.24414,14.33515,12.30411,14.58447,13.90411,13.59356,14.36978,14.3897,13.27373,14.35227,12.55855,13.91186,14.54959,13.94858,13.9306,13.27373,13.12016,13.26493,13.56822,14.77742,14.04899,14.22036,13.15123,11.57932,12.72652,10.48019,11.05392,10.09068,12.46438,13.0951,14.13627,12.48647,10.37962,15.52874,14.25942,15.30679,15.55932,16.09255,16.23956,15.29351,16.09255,15.60318,16.20345,16.49721,16.55156,16.11619,16.60074,16.21663,15.40312,14.05436,15.55534,15.70277,14.90836,13.21504,13.66468,15.39888,13.81685,14.69003,15.3,14.43501,15.1106,14.56504,15.52874,14.77781,16.47795,16.56825,16.84529,16.65614,16.52252,15.00132,12.99381,12.8854,16.01477,12.8854,12.67356,10.89153,12.42151,12.24973,11.23255,11.66126,12.50088,14.35468,12.8191,11.97066,15.48866,12.40052,13.31918,13.4823,11.05647,8.40258,9.79142,13.40992,12.45578,11.51715,13.40973,13.394,14.67468,13.85132,11.50096,13.20658,11.76477,15.86838,15.91773,13.20877,14.07518,15.77392,15.2094,15.20948,9.71866,11.4486,12.78595,14.80499,15.17989,15.42085,18.26964
1996,15.39033,15.30773,15.63273,12.48858,15.07109,11.92716,13.27003,12.33978,13.27003,11.92716,11.23702,10.36112,11.57571,11.55866,11.78415,7.88216,8.02869,9.97844,11.63314,11.70418,12.85839,13.29399,12.01333,14.56238,12.27631,13.94593,14.14948,14.14948,15.02951,14.31861,14.3018,12.20019,14.25342,12.27549,14.5503,13.87227,13.56415,14.35279,14.38175,13.28954,14.34929,12.55273,13.90309,14.54746,13.93885,13.93137,13.28954,13.13678,13.28109,13.58066,14.77443,14.04429,14.21038,13.13885,11.52716,12.67451,10.43366,11.00363,10.03872,12.38525,13.03117,14.12022,12.42634,10.33574,15.46579,14.26653,15.26246,15.55486,15.97995,16.12891,15.1894,15.97995,15.495,16.09451,16.32208,16.37585,15.99678,16.48082,16.07842,15.21956,13.92003,15.36005,15.5091,14.77656,13.07694,13.5338,15.2412,13.68402,14.5288,15.10631,14.28238,15.07016,14.52656,15.46579,14.7741,16.41503,16.51628,16.72279,16.5218,16.3885,14.9703,12.85839,12.85117,15.8226,12.85117,12.62251,10.84057,12.29833,12.11803,11.10956,11.54399,12.42292,14.28298,12.7453,11.84339,15.40544,12.32276,13.22833,13.39746,10.9321,8.30079,9.67374,13.31276,12.36145,11.43393,13.32025,13.30292,14.56172,13.73934,11.41508,13.09645,11.67393,15.83191,15.87781,13.15057,14.04352,15.70014,15.05645,15.08667,9.59699,11.29828,12.63596,14.63926,15.02232,15.35713,18.15314
1997,15.55699,15.46737,15.76677,12.58518,15.23247,12.00186,13.36356,12.41427,13.36356,12.00186,11.31353,10.33405,11.65153,11.64416,11.86074,7.71586,7.85208,9.92997,11.71819,11.75515,12.95597,13.34844,12.1037,14.63701,12.36663,14.0254,14.21537,14.21537,15.10252,14.36479,14.35929,12.2317,14.29477,12.29181,14.59953,13.90129,13.5983,14.42266,14.41088,13.3514,14.37479,12.5343,13.91825,14.58808,13.97241,13.97351,13.3514,13.1994,13.35532,13.64723,14.80608,14.07953,14.25671,13.14874,11.49271,12.68022,10.36274,10.9514,9.95551,12.37063,13.06326,14.14504,12.4063,10.26619,15.62348,14.36345,15.40592,15.6797,16.15321,16.30277,15.36332,16.15321,15.67748,16.29896,16.55342,16.60655,16.17751,16.68312,16.30581,15.46112,14.09745,15.624,15.78751,14.95184,13.21707,13.69726,15.48348,13.86471,14.76778,15.37518,14.50984,15.22912,14.67227,15.62348,14.90975,16.58288,16.6729,16.93833,16.72934,16.59953,15.13142,12.95597,12.8431,16.06115,12.8431,12.6263,10.68715,12.32334,12.10123,11.06115,11.53236,12.4057,14.33159,12.73959,11.83893,15.44348,12.28153,13.2171,13.38126,10.94326,8.15882,9.58014,13.38433,12.42849,11.46573,13.37814,13.382,14.66079,13.81189,11.45121,13.16277,11.71005,15.96984,16.01797,13.13893,14.07885,15.75049,15.08279,15.19041,9.53118,11.32085,12.71277,14.88526,15.2343,15.52036,18.34559
1998,16.17088,16.10781,16.4309,13.14126,15.83405,12.55597,13.95414,12.97625,13.95414,12.55597,11.85318,10.90507,12.2091,12.19216,12.40408,8.32118,8.42126,10.49614,12.27066,12.33455,13.55907,13.9846,12.63564,15.32063,12.9123,14.6663,14.86485,14.86485,15.79214,15.05636,15.06244,12.8174,15.00984,12.89663,15.31386,14.59244,14.2674,15.08296,15.15036,13.97233,15.1083,13.1983,14.63595,15.32362,14.67438,14.66992,13.97233,13.80995,13.96175,14.27337,15.55825,14.78197,14.95734,13.82723,12.13518,13.35504,10.98027,11.58422,10.56715,13.06027,13.74622,14.87296,13.09419,10.87575,16.21397,15.00003,16.03329,16.3171,16.75907,16.91167,15.94115,16.75907,16.25416,16.88241,17.13625,17.19019,16.78422,17.27485,16.87973,16.01378,14.6406,16.16578,16.32488,15.5249,13.74751,14.23219,16.04564,14.39414,15.29896,15.90203,15.03701,15.80586,15.25184,16.21397,15.50249,17.2191,17.31833,17.5397,17.33893,17.19773,15.7066,13.55907,13.52203,16.63551,13.52203,13.29014,11.37181,12.95438,12.76781,11.69578,12.14959,13.08778,15.05038,13.43153,12.48614,16.24274,12.96137,13.92077,14.10301,11.50945,8.71203,10.17112,14.04948,13.05288,12.06918,14.05159,14.04367,15.37619,14.50167,12.04129,13.81584,12.30852,16.6391,16.68534,13.85797,14.77526,16.55175,15.87408,15.92805,10.09945,11.90145,13.29679,15.41586,15.78751,16.10184,19.18156
1999,15.62288,15.54175,15.85926,12.64285,15.29658,12.0617,13.44014,12.48392,13.44014,12.0617,11.37033,10.4251,11.71219,11.70112,11.91945,7.85038,7.98784,10.02403,11.77597,11.82921,13.01879,13.44,12.15882,14.72712,12.424,14.11458,14.33005,14.33005,15.20781,14.46633,14.45277,12.32559,14.40567,12.39405,14.71427,14.02978,13.7214,14.54411,14.54932,13.474,14.51729,12.67808,14.06164,14.73099,14.10915,14.11266,13.474,13.32066,13.47159,13.76699,14.95951,14.2157,14.38841,13.28405,11.628,12.81274,10.50367,11.08978,10.08989,12.50195,13.18063,14.28433,12.54795,10.40526,15.70767,14.47545,15.50085,15.79279,16.23321,16.38189,15.41679,16.23321,15.74578,16.35449,16.60701,16.65978,16.25493,16.73789,16.36153,15.50636,14.14827,15.64666,15.80345,15.00893,13.2723,13.75121,15.51726,13.91137,14.79827,15.40101,14.5406,15.30699,14.76068,15.70767,14.9983,16.67397,16.76893,16.99638,16.79907,16.66386,15.20644,13.01879,12.94759,16.11307,12.94759,12.72523,10.84652,12.40696,12.19978,11.16381,11.6251,12.51715,14.43986,12.8531,11.93205,15.5577,12.39482,13.31844,13.47748,11.02225,8.28211,9.69055,13.48636,12.52852,11.5666,13.4823,13.48268,14.76781,13.9223,11.55375,13.26764,11.81321,16.06192,16.11044,13.28726,14.20411,15.86532,15.20351,15.30153,9.63214,11.40036,12.78189,14.91126,15.29381,15.59455,18.45279
2000,15.18497,15.10533,15.39855,12.30434,14.86754,11.74041,13.05814,12.14276,13.05814,11.74041,11.08164,10.13066,11.41402,11.4044,11.60189,7.64055,7.74027,9.73418,11.4774,11.51352,12.68161,13.06691,11.83137,14.32301,12.08806,13.72601,13.90186,13.90186,14.76249,14.06137,14.06137,11.96508,13.99847,12.0382,14.30393,13.62413,13.32421,14.10705,14.11915,13.05929,14.08153,12.28281,13.63929,14.28984,13.68743,13.68686,13.05929,12.90962,13.05855,13.34705,14.50448,13.78937,13.96254,12.88445,11.30459,12.46273,10.20126,10.77533,9.80156,12.17164,12.84221,13.86454,12.20123,10.105,15.24904,14.04388,15.04825,15.30582,15.77298,15.91544,15.01016,15.77298,15.30749,15.89978,16.14577,16.195,15.79735,16.26555,15.90265,15.09951,13.77055,15.24008,15.39918,14.60202,12.91117,13.38077,15.11011,13.54238,14.4159,15.00328,14.16527,14.85844,14.33109,15.24904,14.55399,16.18016,16.26544,16.50522,16.31104,16.18085,14.76202,12.68161,12.57724,15.68139,12.57724,12.36727,10.5297,12.09363,11.8824,10.86489,11.32246,12.17249,14.08082,12.50107,11.62443,15.14896,12.07295,12.98683,13.10945,10.7197,8.03473,9.41732,13.18298,12.24426,11.27301,13.17107,13.17765,14.44366,13.61656,11.28874,12.98014,11.54721,15.59609,15.64645,12.91885,13.79568,15.4468,14.84104,14.97306,9.36981,11.09352,12.43536,14.52811,14.87869,15.14587,18.05342
2001,15.19408,15.1389,15.38805,12.46668,14.89178,11.92882,13.1691,12.2911,13.1691,11.92882,11.27219,10.46268,11.60392,11.57268,11.77696,8.13885,8.21151,10.09315,11.64658,11.72789,12.85082,13.22896,11.94923,14.48386,12.21052,13.84375,13.94704,13.94704,14.85655,14.24784,14.17603,12.09099,14.17304,12.14373,14.38989,13.70501,13.39833,14.13915,14.22164,13.05395,14.17189,12.40479,13.73477,14.358,13.75825,13.73359,13.05395,12.90079,13.03614,13.34134,14.57866,13.85827,14.01627,12.98321,11.45827,12.57008,10.39266,10.94542,10.03027,12.33044,12.93038,13.95674,12.34312,10.29321,15.20323,14.00512,15.01225,15.26085,15.7414,15.88329,14.97975,15.7414,15.28132,15.85647,16.12811,16.18025,15.76597,16.24151,15.85871,15.07534,13.82153,15.24586,15.39225,14.62564,13.00847,13.44677,15.11167,13.59071,14.42079,14.98586,14.17838,14.80088,14.26819,15.20323,14.49252,16.14397,16.23822,16.49181,16.31605,16.1854,14.69904,12.85082,12.77701,15.66112,12.77701,12.55027,10.88871,12.31803,12.18855,11.19729,11.58556,12.38882,14.17044,12.69501,11.81449,15.31266,12.32099,13.21441,13.38438,10.98688,8.45268,9.79899,13.22381,12.27805,11.35844,13.22981,13.20093,14.45811,13.65778,11.3523,13.02088,11.61271,15.58847,15.62901,13.05134,13.87666,15.58436,15.08425,14.98279,9.71077,11.35997,12.628,14.53282,14.86099,15.098,17.95929
2002,15.22833,15.17666,15.42104,12.47373,14.92477,11.92721,13.18855,12.30696,13.18855,11.92721,11.26737,10.43386,11.60016,11.57342,11.7771,8.05748,8.14296,10.06022,11.64688,11.72529,12.85797,13.24468,11.97299,14.50482,12.23556,13.86671,13.96395,13.96395,14.89499,14.26564,14.19647,12.1054,14.18279,12.15079,14.40219,13.7146,13.40855,14.15356,14.21696,13.06608,14.16647,12.38742,13.72351,14.35186,13.74874,13.73008,13.06608,12.91496,13.05466,13.35521,14.56764,13.85036,14.01129,12.96967,11.42411,12.54249,10.35178,10.90899,9.98532,12.29696,12.91658,13.94652,12.31132,10.25216,15.22767,14.02605,15.03458,15.28227,15.77332,15.91775,14.99795,15.77332,15.31581,15.87973,16.17964,16.23351,15.79482,16.27036,15.89811,15.12627,13.86575,15.30786,15.45896,14.66233,13.04222,13.4877,15.17252,13.63792,14.48751,15.05118,14.24077,14.81838,14.29304,15.22767,14.50879,16.15742,16.25293,16.53285,16.35151,16.22236,14.71627,12.85797,12.78523,15.71866,12.78523,12.55342,10.8446,12.30967,12.16241,11.1646,11.56904,12.37121,14.17351,12.68167,11.75326,15.31942,12.31047,13.21104,13.39088,10.97548,8.39751,9.75356,13.19753,12.25208,11.32671,13.21011,13.17984,14.42975,13.62104,11.31775,12.98148,11.57466,15.62277,15.66151,13.02203,13.88951,15.59427,15.05375,14.94814,9.67244,11.34296,12.62819,14.60041,14.91132,15.12164,17.94904
2003,15.39389,15.37825,15.60173,12.69614,15.09186,12.16507,13.41488,12.55003,13.41488,12.16507,11.51403,10.75104,11.84805,11.81123,12.00427,8.44142,8.51162,10.38219,11.88512,11.99696,13.10849,13.50203,12.19436,14.77115,12.46238,14.10751,14.18244,14.18244,15.15926,14.54622,14.49,12.35079,14.47923,12.40611,14.67641,13.9809,13.66685,14.36819,14.51427,13.25145,14.4543,12.66833,14.0129,14.63222,14.02071,13.98795,13.25145,13.09416,13.22589,13.53899,14.85729,14.11885,14.27682,13.24466,11.72904,12.84126,10.66616,11.22047,10.3157,12.63762,13.21712,14.23918,12.63145,10.56195,15.32129,14.19718,15.19005,15.41079,15.90258,16.04877,15.12904,15.90258,15.45564,15.95781,16.27205,16.32734,15.92334,16.36022,15.94899,15.22666,14.01315,15.4049,15.54978,14.81321,13.20959,13.63877,15.30121,13.78005,14.61,15.13205,14.36614,14.90151,14.40751,15.32129,14.62104,16.25732,16.35899,16.60381,16.42918,16.29847,14.79532,13.10849,13.10299,15.82762,13.10299,12.85967,11.22844,12.59118,12.46929,11.47726,11.86414,12.69277,14.46307,12.99868,12.08288,15.65414,12.63581,13.53227,13.73611,11.26447,8.74033,10.08055,13.45562,12.49951,11.57408,13.47545,13.42874,14.69745,13.89044,11.56115,13.23814,11.82014,15.80526,15.83868,13.34836,14.15663,15.91721,15.37132,15.2211,9.97907,11.62449,12.87227,14.72342,15.01863,15.21463,18.21208
2004,14.04587,14.06169,14.20213,11.53238,13.78732,11.00956,12.24541,11.42658,12.24541,11.00956,10.43885,9.7388,10.74005,10.71582,10.86066,7.5382,7.70861,9.40484,10.78358,10.91344,11.90243,12.26781,11.09451,13.42202,11.3423,12.80984,12.94202,12.94202,13.79672,13.24139,13.14973,11.23317,13.10538,11.28448,13.43639,12.75697,12.45885,13.0935,13.19265,12.04833,13.13407,11.49653,12.68973,13.27768,12.70803,12.66877,12.04833,11.91817,12.04055,12.36049,13.45298,12.80691,12.91284,12.02167,10.6788,11.64954,9.71066,10.18863,9.40839,11.37098,11.94697,12.90555,11.44443,9.61568,13.98514,12.90486,13.84415,14.05265,14.45746,14.59107,13.67208,14.45746,14.04096,14.5347,14.78036,14.82585,14.48475,14.88249,14.50932,13.83803,12.7829,14.11566,14.25139,13.49178,12.02262,12.44784,14.01429,12.58896,13.41577,13.83393,13.17765,13.49426,13.09128,13.98514,13.24527,14.7691,14.85705,15.02822,14.99205,14.86339,13.4021,11.90243,12.0065,14.35587,12.0065,11.73221,10.15467,11.40549,11.29568,10.39205,10.74112,11.52057,13.07959,11.79607,10.65743,14.19036,11.57413,12.31667,12.54287,10.25238,7.92863,9.13418,12.15593,11.27508,10.47178,12.20008,12.13128,13.2897,12.56954,10.46197,11.97686,10.73194,14.41194,14.42227,12.07973,12.93503,14.40669,13.8932,13.77423,9.0444,10.53232,11.68918,13.52751,13.6812,13.85358,16.53678
2005,16.12795,16.05901,16.38647,13.0371,15.79189,12.45455,13.91205,12.92967,13.91205,12.45455,11.74386,10.80068,12.0883,12.07578,12.30359,8.17559,8.2626,10.38052,12.14929,12.2246,13.42033,13.87419,12.58268,15.1831,12.8563,14.56159,14.84956,14.84956,15.74929,14.92888,14.95956,12.78351,14.88329,12.8523,15.2366,14.52633,14.21373,15.0654,15.10115,13.93414,15.0646,13.16121,14.58805,15.27918,14.62827,14.6306,13.93414,13.77373,13.92477,14.23718,15.51995,14.73896,14.90986,13.77975,12.02619,13.24173,10.88438,11.48471,10.46126,12.93953,13.61962,14.81644,12.98159,10.78123,16.18321,14.95658,16.01211,16.29767,16.73641,16.89326,15.91696,16.73641,16.25189,16.82523,17.07208,17.12932,16.75559,17.22485,16.80348,15.94208,14.57296,16.06055,16.21359,15.46948,13.68373,14.16537,15.96496,14.32438,15.21751,15.8014,14.95482,15.76682,15.23164,16.18321,15.48808,17.17271,17.27844,17.47885,17.27384,17.13559,15.66671,13.42033,13.42712,16.57099,13.42712,13.18997,11.22679,12.74041,12.53025,11.47852,11.94901,12.94523,14.86715,13.29033,12.34562,16.04855,12.75438,13.68715,13.90595,11.39468,8.5569,9.98397,13.82156,12.84734,11.87805,13.82578,13.82071,15.12373,14.258,11.85038,13.57997,12.10641,16.59611,16.64107,13.74156,14.70655,16.36082,15.54721,15.65849,9.92948,11.77192,13.19526,15.33049,15.73674,16.0706,18.8877
2006,15.88189,15.85762,16.11307,12.99373,15.56241,12.45627,13.80112,12.8734,13.80112,12.45627,11.74395,10.91762,12.08671,12.05745,12.29362,8.50852,8.5303,10.52644,12.13236,12.23559,13.38523,13.81395,12.50658,15.11074,12.77912,14.44499,14.63225,14.63225,15.57945,14.87677,14.83707,12.68079,14.81227,12.73392,15.06808,14.36082,14.04814,14.83296,14.9274,13.67907,14.86904,13.01521,14.40652,15.06255,14.42981,14.40995,13.67907,13.51699,13.65496,13.97323,15.30334,14.53395,14.69729,13.61523,11.98093,13.14638,10.87055,11.44932,10.49384,12.92268,13.52564,14.63463,12.91411,10.76518,15.85775,14.66748,15.71142,15.9551,16.44573,16.60227,15.65471,16.44573,16.00559,16.51071,16.80674,16.86359,16.4657,16.91899,16.48997,15.70244,14.39767,15.85345,16.00236,15.26578,13.55934,14.00378,15.74479,14.15496,15.02663,15.57997,14.76945,15.43833,14.92545,15.85775,15.15471,16.8297,16.932,17.16789,16.98153,16.84803,15.33285,13.38523,13.3749,16.32562,13.3749,13.13225,11.39049,12.78364,12.63068,11.60879,12.03071,12.94175,14.76688,13.26455,12.36186,15.98389,12.80658,13.72948,13.94315,11.45679,8.78115,10.16921,13.73038,12.75836,11.80436,13.74115,13.712,15.00901,14.17345,11.78616,13.50178,12.0471,16.32142,16.35838,13.66181,14.54156,16.27208,15.59995,15.54307,10.0834,11.83219,13.17677,15.14378,15.50296,15.75326,18.64436
2007,15.36855,15.31882,15.57479,12.53586,15.05814,11.99167,13.30312,12.39334,13.30312,11.99167,11.30778,10.45981,11.64184,11.61844,11.84118,8.08452,8.11893,10.07364,11.69101,11.77178,12.90647,13.31416,12.05252,14.57844,12.31408,13.9486,14.11386,14.11386,15.01732,14.33753,14.27956,12.20553,14.26745,12.24885,14.51178,13.83548,13.53323,14.31551,14.36167,13.21841,14.32238,12.51833,13.86797,14.51559,13.89479,13.8937,13.21841,13.06403,13.20422,13.50518,14.74323,14.00096,14.16129,13.09811,11.49066,12.62655,10.40693,10.97551,10.01384,12.36279,13.00189,14.08827,12.39367,10.3063,15.35674,14.18082,15.2126,15.45532,15.92162,16.07145,15.13159,15.92162,15.46041,15.99742,16.28134,16.33479,15.93986,16.38885,15.97592,15.20811,13.93866,15.36978,15.51847,14.76584,13.1057,13.55625,15.26326,13.70597,14.55956,15.10929,14.31085,14.95205,14.44315,15.35674,14.67249,16.29153,16.39164,16.61792,16.43189,16.30063,14.85126,12.90647,12.84521,15.8089,12.84521,12.61411,10.87918,12.32145,12.16504,11.16088,11.57307,12.41422,14.23682,12.73534,11.82912,15.37773,12.3091,13.20375,13.3974,11.00066,8.37397,9.73318,13.23825,12.29701,11.38285,13.24833,13.22463,14.47885,13.66351,11.35523,13.02044,11.60899,15.77827,15.81874,13.11197,14.00592,15.66329,15.0674,14.99647,9.65973,11.36923,12.69471,14.67203,15.00748,15.24753,18.02981
2008,15.26855,15.22462,15.51631,12.41475,14.95571,11.87407,13.21227,12.28301,13.21227,11.87407,11.19579,10.32689,11.52746,11.50781,11.72713,7.9371,7.98066,9.93896,11.58008,11.64754,12.78243,13.20126,11.95505,14.45156,12.21366,13.84019,14.04896,14.04896,14.93516,14.20975,14.20945,12.13792,14.16738,12.19235,14.44235,13.77033,13.47057,14.25246,14.29757,13.17568,14.26342,12.46423,13.81109,14.46071,13.84314,13.84549,13.17568,13.01888,13.15751,13.4547,14.6921,13.94872,14.11161,13.04331,11.4276,12.5677,10.34128,10.91238,9.94112,12.30071,12.94158,14.03049,12.3327,10.24112,15.28582,14.13205,15.13883,15.39658,15.81885,15.96918,15.04434,15.81885,15.3662,15.8932,16.1547,16.20863,15.83967,16.2791,15.88137,15.09205,13.82104,15.23355,15.38101,14.65806,12.99112,13.43885,15.13448,13.58923,14.43492,14.98096,14.18839,14.89374,14.39451,15.28582,14.62232,16.22317,16.31893,16.51566,16.32473,16.19598,14.7923,12.78243,12.76309,15.68628,12.76309,12.54454,10.71604,12.19462,12.02172,11.0223,11.44566,12.33697,14.15077,12.65653,11.79757,15.28014,12.18475,13.07773,13.26902,10.87593,8.24631,9.60456,13.16257,12.22913,11.30508,13.16492,13.15139,14.39913,13.58328,11.28568,12.94432,11.53806,15.71626,15.75809,13.04719,13.9379,15.56724,14.90426,14.91336,9.54281,11.24314,12.56803,14.54369,14.89656,15.17899,17.9429
2009,15.2089,15.16756,15.45373,12.37762,14.89315,11.83266,13.14619,12.23134,13.14619,11.83266,11.16923,10.28789,11.50449,11.48833,11.68814,7.89504,7.96296,9.9063,11.56156,11.62425,12.77164,13.18079,11.90844,14.43496,12.16841,13.82868,13.998,13.998,14.88721,14.19005,14.1691,12.0897,14.14381,12.1491,14.40997,13.7294,13.42682,14.1977,14.23797,13.12564,14.20022,12.40452,13.75189,14.39926,13.78696,13.78562,13.12564,12.97315,13.1149,13.40789,14.62247,13.89058,14.05326,12.98995,11.41277,12.55414,10.32334,10.89214,9.92888,12.27589,12.92088,13.97197,12.31047,10.22471,15.23795,14.08595,15.07756,15.33016,15.77142,15.91707,14.99781,15.77142,15.30507,15.85449,16.12293,16.17559,15.79405,16.23296,15.86145,15.07877,13.78093,15.21348,15.35918,14.61616,12.94726,13.39723,15.10468,13.54819,14.40293,14.96312,14.15274,14.83901,14.33973,15.23795,14.5577,16.17225,16.26441,16.47858,16.29427,16.16458,14.73912,12.77164,12.72523,15.67101,12.72523,12.5071,10.68715,12.22159,12.04279,11.036,11.46627,12.32603,14.1594,12.64471,11.75493,15.27704,12.21825,13.11715,13.26945,10.85616,8.23836,9.60896,13.20151,12.26036,11.3266,13.20296,13.18904,14.44611,13.62841,11.31715,12.98901,11.57334,15.65184,15.69304,13.02581,13.9011,15.56342,14.97512,14.96647,9.54397,11.22244,12.5303,14.51184,14.86984,15.13121,18.00975
2010,15.55027,15.51874,15.72641,12.83049,15.24145,12.30408,13.53433,12.67663,13.53433,12.30408,11.62603,10.86293,11.96671,11.9246,12.13978,8.58751,8.58679,10.48929,12.00036,12.10753,13.23318,13.62578,12.31167,14.9106,12.58058,14.22726,14.27548,14.27548,15.26679,14.67986,14.56055,12.42663,14.58732,12.46386,14.73923,14.05844,13.73975,14.46742,14.56441,13.31679,14.50871,12.72181,14.06847,14.68836,14.08044,14.04619,13.31679,13.1589,13.29244,13.60677,14.91874,14.17767,14.34,13.2994,11.76942,12.88726,10.69022,11.25197,10.32912,12.67499,13.26093,14.29375,12.67553,10.58501,15.47074,14.27929,15.33192,15.54488,16.07923,16.22647,15.25732,16.07923,15.59795,16.12608,16.44841,16.50132,16.10137,16.53444,16.1011,15.38907,14.14808,15.5631,15.70915,14.97477,13.342,13.77099,15.45238,13.91052,14.74871,15.29025,14.50277,15.02482,14.52474,15.47074,14.73521,16.39468,16.49126,16.75,16.5737,16.4391,14.91038,13.23318,13.15411,15.99868,13.15411,12.91181,11.31786,12.70241,12.58337,11.57967,11.96723,12.74389,14.5411,13.05195,12.16573,15.73323,12.70693,13.612,13.81737,11.36115,8.80896,10.16452,13.5243,12.56099,11.64625,13.53896,13.49532,14.77775,13.96816,11.61542,13.31236,11.88008,15.9329,15.97151,13.39934,14.23203,16.00093,15.51778,15.30819,10.06068,11.74468,13.01403,14.86507,15.17912,15.35723,18.302
2011,14.7729,14.72088,14.9926,12.04151,14.46992,11.50915,12.76592,11.89666,12.76592,11.50915,10.86545,10.01844,11.1937,11.17767,11.37025,7.70345,7.80263,9.64822,11.25008,11.31871,12.43195,12.81745,11.57896,14.04397,11.8317,13.4386,13.57496,13.57496,14.45049,13.8089,13.77452,11.73619,13.74874,11.79942,13.98797,13.33008,13.03348,13.76879,13.81863,12.724,13.77858,12.03942,13.34849,13.9691,13.37986,13.37173,12.724,12.5746,12.712,12.99668,14.18205,13.47923,13.64288,12.60896,11.08915,12.19603,10.02975,10.58197,9.65518,11.93463,12.56389,13.56367,11.95937,9.93438,14.7609,13.65896,14.62901,14.8611,15.28995,15.42836,14.53115,15.28995,14.83529,15.35674,15.62762,15.6749,15.31071,15.71934,15.35082,14.6237,13.40137,14.76016,14.90803,14.1829,12.59197,13.03159,14.67326,13.17608,13.99345,14.51767,13.756,14.36737,13.89104,14.7609,14.10986,15.64488,15.73474,15.94663,15.76364,15.63501,14.26942,12.43195,12.376,15.19126,12.376,12.15597,10.4743,11.92345,11.76167,10.78219,11.19014,11.98241,13.798,12.29304,11.42751,14.86926,11.93422,12.8134,12.94449,10.57545,8.06701,9.39359,12.8611,11.94148,11.02605,12.86542,12.848,14.07027,13.27395,11.02112,12.64962,11.27088,15.18332,15.22523,12.65455,13.49581,15.14636,14.64019,14.5754,9.31896,10.9231,12.18564,14.09984,14.42233,14.65408,17.52732
2012,15.03459,14.98432,15.24686,12.23156,14.72738,11.68945,12.98391,12.08175,12.98391,11.68945,11.02533,10.14279,11.35344,11.33842,11.54735,7.75219,7.82117,9.75959,11.41005,11.4715,12.60399,12.99298,11.75617,14.23691,12.0112,13.6265,13.80115,13.80115,14.66404,13.99068,13.96694,11.9112,13.92861,11.97623,14.21003,13.53617,13.24216,14.00164,14.05967,12.95399,14.01451,12.23585,13.57205,14.215,13.60598,13.60437,12.95399,12.80347,12.9453,13.2385,14.42945,13.71025,13.87134,12.81727,11.24833,12.37959,10.17585,10.73648,9.78921,12.1077,12.75126,13.79049,12.1347,10.07934,15.04831,13.9079,14.89639,15.13366,15.59582,15.74178,14.8338,15.59582,15.1497,15.685,15.95552,16.00751,15.61609,16.05992,15.67429,14.90787,13.62822,15.05751,15.20508,14.45199,12.79831,13.24792,14.9409,13.39962,14.24642,14.80995,14.00016,14.66669,14.16481,15.04831,14.38041,15.9738,16.0662,16.28708,16.10287,15.97623,14.56992,12.60399,12.53967,15.49186,12.53967,12.31776,10.57557,12.03762,11.85648,10.86126,11.28989,12.13087,13.96199,12.4509,11.56732,15.05298,12.03598,12.92514,13.07383,10.70246,8.09361,9.44667,13.03224,12.10546,11.18462,13.03139,13.02221,14.26202,13.45137,11.1721,12.81959,11.42249,15.44505,15.48809,12.84243,13.70538,15.34396,14.74907,14.77445,9.38415,11.06421,12.37563,14.35563,14.70497,14.94557,17.79374
2013,15.36956,15.33726,15.61759,12.52753,15.05556,11.98978,13.33458,12.40463,13.33458,11.98978,11.31126,10.48414,11.64192,11.61526,11.83701,8.0929,8.11488,10.0991,11.68745,11.77359,12.89633,13.31899,12.06597,14.5726,12.32893,13.95049,14.16444,14.16444,15.07627,14.33649,14.36471,12.25795,14.30622,12.32384,14.58953,13.92195,13.61463,14.36874,14.46471,13.30907,14.42871,12.6349,13.98247,14.62326,14.00214,13.99721,13.30907,13.15318,13.29005,13.59088,14.85784,14.10403,14.26304,13.20679,11.60071,12.73526,10.52556,11.09192,10.1323,12.48148,13.09619,14.19847,12.51033,10.42395,15.36866,14.25625,15.23819,15.50666,15.9151,16.06496,15.10855,15.9151,15.44449,15.98249,16.25545,16.31025,15.93258,16.38301,15.96422,15.17507,13.92038,15.32411,15.46841,14.75247,13.10096,13.54088,15.23118,13.68622,14.52912,15.06329,14.28164,14.972,14.45825,15.36866,14.70134,16.32723,16.43318,16.62077,16.43036,16.29833,14.86671,12.89633,12.93784,15.7829,12.93784,12.71085,10.9089,12.302,12.11707,11.12414,11.56186,12.49699,14.29145,12.81458,11.95307,15.44512,12.32795,13.21762,13.44277,11.01164,8.36778,9.71627,13.28619,12.3509,11.44589,13.29921,13.27427,14.52595,13.71219,11.40825,13.06507,11.65844,15.81863,15.85699,13.23071,14.09036,15.72649,14.97337,15.0411,9.64567,11.38027,12.69268,14.63973,14.978,15.25463,18.06997
2014,15.72288,15.66633,15.99003,12.72304,15.39699,12.15975,13.57677,12.60627,13.57677,12.15975,11.46112,10.54685,11.80126,11.78512,12.01238,7.98652,8.04537,10.14419,11.85874,11.91981,13.09592,13.53049,12.27444,14.81077,12.54203,14.20178,14.47142,14.47142,15.36868,14.55899,14.62345,12.47608,14.53545,12.54652,14.8743,14.1889,13.87679,14.68674,14.72101,13.61123,14.6969,12.84992,14.23597,14.90564,14.27441,14.28055,13.61123,13.45241,13.59696,13.89723,15.14748,14.38099,14.54901,13.44732,11.74589,12.93025,10.62784,11.21545,10.21441,12.63584,13.29378,14.45625,12.67795,10.52674,15.76304,14.5971,15.61584,15.90016,16.29781,16.44929,15.47359,16.29781,15.79797,16.38474,16.63953,16.69288,16.31745,16.77773,16.3743,15.54534,14.22534,15.67605,15.83,15.0831,13.36156,13.83123,15.58203,13.98411,14.8511,15.42071,14.59838,15.3646,14.83622,15.76304,15.08759,16.73447,16.83633,17.02482,16.82605,16.68951,15.26184,13.09592,13.11937,16.15671,13.11937,12.90189,10.95841,12.41789,12.21041,11.18515,11.64614,12.66181,14.50605,12.99208,12.1269,15.68663,12.42775,13.34888,13.58822,11.11414,8.32762,9.72975,13.47101,12.51753,11.60099,13.48082,13.47178,14.73704,13.89504,11.54836,13.23581,11.80052,16.19123,16.23592,13.42011,14.36096,15.99082,15.11425,15.25956,9.67208,11.5023,12.87707,14.962,15.33866,15.64726,18.39945
2015,15.75726,15.50301,16.50849,13.7189,14.9663,13.64548,14.09452,13.70932,14.09452,13.64548,14.79918,13.75315,14.98795,15.11918,14.04356,9.80986,10.46767,11.77479,14.75808,14.21178,13.91726,14.90658,14.8263,13.83233,14.63233,15.20603,16.02986,16.02986,15.34521,13.99644,14.43233,14.80767,14.19644,14.33863,14.22356,14.46164,15.18274,16.11836,14.6926,16.42247,15.33205,14.53507,14.49644,15.23644,15.9789,15.49616,16.42247,16.61397,16.62548,15.62493,16.12493,15.96137,15.9726,15.66712,14.90712,14.76959,12.42137,12.82767,11.37973,12.54027,12.95479,13.97726,13.56521,12.6937,15.42329,16.75945,16.88192,15.21425,15.15781,15.63836,15.86219,15.15781,15.7937,14.80603,14.71507,14.5537,14.71397,14.76164,15.14192,15.85699,15.81315,16.28055,16.24685,15.2274,14.74356,15.56247,16.07918,15.83096,15.82658,16.72274,15.71644,15.78685,15.7,15.42329,15.5989,16.18384,16.15918,16.59836,15.20192,14.92,16.08219,13.91726,13.74192,15.43863,13.74192,13.91781,12.29397,14.58,13.62137,12.97288,13.41178,12.56658,12.71781,12.93699,9.27479,13.7674,12.54795,13.6074,12.86,13.18493,10.60411,11.73616,15.77452,15.70055,16.2537,12.89397,15.43699,15.57753,15.50575,16.91123,16.14712,16.13151,16.16603,16.25096,13.70603,14.29479,13.66986,15.38795,15.80384,11.36356,12.66959,13.41644,15.75863,15.00658,15.39288,17.98137
2016,16.05929,16.10437,16.65765,13.96776,15.88934,14.05601,15.56038,15.36885,15.56038,14.05601,14.45874,13.48224,14.44781,14.31803,14.36011,10.14754,10.72623,11.7582,14.0123,13.70027,13.64973,15.07623,15.54508,14.12923,15.25492,15.42158,16.5347,16.5347,15.80628,14.26694,15.01913,15.60792,14.19126,15.18279,14.93169,15.0765,15.81858,16.73825,15.19016,15.74454,15.38907,14.41421,14.84727,15.53579,15.70109,15.30383,15.74454,15.85027,15.8541,15.89699,15.79563,15.8194,15.7306,15.5276,14.92377,14.74098,12.47377,12.84973,12.52596,13.41967,13.69918,14.32077,13.64918,12.73689,15.96967,16.29563,16.77678,15.28989,15.6776,16.15656,16.52432,15.6776,16.26858,15.5582,15.03115,14.89262,15.23306,15.43142,16.03962,16.00656,15.70546,16.41339,16.34235,15.47322,14.72295,15.42514,16.31421,15.69126,16.1765,16.87486,16.09372,16.29426,15.76284,15.96967,15.67295,16.76885,16.73525,16.88361,15.80191,15.51612,16.64699,13.64973,14.17104,15.62514,14.17104,14.27049,11.78224,14.71093,13.92596,13.38279,13.6347,12.77158,13.75929,13.51557,11.42732,13.6306,11.93333,13.11475,12.20109,13.10219,11.16721,12.32213,15.59426,15.83169,16.3112,13.77432,15.73525,15.19536,14.72869,16.50437,15.26776,15.45328,16.41175,16.44891,13.90301,14.94481,13.84617,15.43716,14.74836,11.85437,12.5265,14.03388,16.14645,15.39563,15.98197,17.59727
2017,15.40148,15.58981,16.30425,13.9797,15.0646,14.06205,14.03274,13.7017,14.03274,14.06205,13.77471,12.57633,13.91805,13.92247,14.48274,9.01526,9.98622,11.35726,13.74485,13.58137,13.76373,15.06173,14.95153,14.48671,14.81268,14.97921,16.4126,16.4126,15.50277,15.08093,15.81548,15.39419,15.67307,14.8774,14.9757,15.18266,15.77389,16.63405,14.71616,15.68227,14.97542,13.72671,14.31036,14.79518,14.52937,14.97458,15.68227,15.83762,15.93107,15.16471,14.76208,14.87611,14.79797,14.33734,13.78148,13.99879,12.09167,12.48389,11.62162,13.24784,13.48726,13.9003,13.08252,12.35386,15.68562,16.06619,15.78153,15.49764,15.32477,15.61882,15.38827,15.32477,15.15737,15.48364,15.38655,15.19611,15.16888,15.64348,16.49279,15.61964,15.27638,15.97597,15.85016,15.12901,14.25189,15.16545,15.85734,15.67373,16.14545,16.2371,16.20614,15.9837,16.00556,15.68562,15.88044,15.99945,15.61403,16.30674,15.45729,15.34236,16.06189,13.76373,15.04063,15.71326,15.04063,14.6934,12.70063,14.63027,13.62841,12.7814,13.28175,13.22425,15.14521,13.9666,12.22896,14.70167,12.33397,13.9334,12.66397,13.66255,10.9717,11.63364,14.99392,14.5503,14.19658,14.22816,14.86329,14.5251,14.32923,15.79178,15.33236,14.90449,16.03332,16.09175,13.25214,14.86148,14.82063,15.65663,14.79247,11.74433,12.62014,13.42052,16.0951,15.23764,15.91668,17.7037
2018,15.34666,15.91082,16.07208,14.05027,15.48003,13.65934,14.38945,13.67222,14.38945,13.65934,13.22899,11.89688,13.45233,13.77162,13.90055,9.14945,10.1811,11.54553,13.64373,13.23178,14.0389,14.71225,14.49142,14.35249,14.25222,14.35444,15.82126,15.82126,14.75332,14.66625,15.11447,14.53896,15.10441,13.99841,14.77038,14.69353,14.80055,16.00285,14.8074,15.82074,15.08633,13.87477,14.48762,15.16636,14.75652,15.28797,15.82074,15.96356,16.07137,15.28559,14.72781,15.22392,15.12167,14.29729,13.48679,14.14211,12.61775,12.86219,11.36016,12.94907,12.90395,14.02348,13.13504,12.87022,15.71282,15.96364,15.79951,16.61353,15.71301,15.86858,15.57178,15.71301,15.49375,15.74471,15.99912,15.67288,15.70474,15.9794,16.60715,15.82748,15.39929,16.10581,16.01627,15.616,14.03833,15.05841,16.01351,15.70797,16.37192,16.26984,16.30501,16.28674,16.37455,15.71282,16.5074,15.73055,15.55644,16.19449,15.34573,15.2977,16.24022,14.0389,14.64123,16.22951,14.64123,14.77973,12.27364,14.05205,13.0303,12.28118,12.72521,13.38526,16.00721,14.01299,12.18362,15.3909,12.52584,14.44063,12.53208,14.01216,11.34652,11.07852,15.8151,15.34466,14.37027,15.07153,15.40814,15.55775,15.72701,16.42874,16.39047,15.40816,16.05904,15.96096,13.31074,14.49605,15.37126,15.28562,16.13808,12.17548,12.96482,13.22425,16.29353,15.73973,16.21238,17.96622
2019,15.59241,15.95466,16.38688,14.15795,15.49948,13.698,14.28745,13.72479,14.28745,13.698,13.59285,12.00074,13.64027,14.02315,14.12833,9.17784,10.15625,11.55997,13.72907,13.35923,13.96011,15.01688,14.734,14.46479,14.48745,14.77447,16.01781,16.01781,14.72441,15.23715,15.69762,15.01929,15.54233,14.48997,15.54581,15.45038,15.70737,16.22071,14.93329,16.0963,15.27677,14.00989,14.50288,15.40337,14.78052,15.60038,16.0963,16.36436,16.49751,15.5331,15.03008,15.35838,15.23704,14.24499,13.48537,14.19038,12.60411,12.92822,11.53608,13.10981,13.04553,14.06597,13.21088,12.8131,16.44063,16.4903,16.28466,17.10348,15.76441,16.08345,15.6791,15.76441,15.47644,16.1749,16.17921,15.98715,15.98277,16.2646,17.10868,15.92499,15.74027,16.30496,16.22551,15.74345,14.53945,15.57444,16.26082,16.13619,16.55529,16.39321,16.60773,17.0614,16.86597,16.44063,17.07334,16.24564,16.2931,16.72641,15.90849,15.83918,17.05337,13.96011,15.08438,16.36378,15.08438,15.42677,12.94868,14.78285,13.57414,12.6126,13.34104,14.23748,16.98197,14.89953,12.74148,16.41567,13.52132,15.38778,13.52518,14.06586,11.43408,11.30973,15.95718,15.40203,14.53595,15.69548,15.61271,15.72386,15.82386,16.35307,16.42929,15.40411,16.28879,16.2666,13.38553,15.28984,16.41008,15.94515,16.25068,12.22636,13.03427,13.03468,16.51934,15.79762,16.89534,18.02953
2020,16.42538,17.17219,17.51459,14.54393,16.47301,14.45273,15.2126,14.57842,15.2126,14.45273,13.8727,12.92421,14.4959,14.625,14.91142,9.56205,10.62536,12.07989,14.67855,14.17923,15.06686,15.7674,15.4324,15.67702,15.14224,15.46552,17.10828,17.10828,15.85306,16.11415,16.81432,16.20544,16.74041,15.56025,16.16057,16.64475,16.8318,17.35158,15.92115,17.16005,16.33615,14.45806,15.21642,16.155,15.66617,16.40456,17.16005,17.39038,17.55612,16.3844,15.95836,16.20311,16.02667,14.5409,13.78852,14.56582,12.99,13.47779,11.90776,13.70396,13.72374,14.61101,13.72831,13.31391,17.25344,17.61331,17.39863,17.95153,16.81489,17.00735,16.58011,16.81489,16.45631,16.91899,17.02281,16.74145,16.84139,17.01473,17.85787,16.81937,16.37792,17.1774,16.93281,16.68172,15.08391,16.10844,17.11858,16.76803,17.07328,17.26044,17.05041,17.64527,17.74492,17.25344,17.98437,16.88306,16.7921,17.3779,16.45093,16.37809,17.73787,15.06686,16.16984,17.1988,16.16984,16.0873,13.46705,15.24366,14.13607,12.9541,13.73842,14.6691,17.50432,15.37178,13.29363,16.69303,13.82686,15.85686,14.0441,15.16484,11.89787,11.60653,16.40847,15.6062,14.63393,16.03314,15.83404,15.88943,16.07475,16.70604,16.74131,15.58839,17.46022,17.33645,13.94232,16.21822,16.70571,16.47557,16.64776,12.89303,13.79333,14.05161,17.05869,16.86481,17.55831,18.42221
2021,16.62945,17.20792,17.66496,14.97586,16.84918,14.86288,15.68236,15.29688,15.68236,14.86288,14.45255,13.55868,14.95052,15.06482,15.21227,10.38118,11.36638,12.86649,15.08789,14.6203,15.41589,16.38162,16.15367,16.14663,15.89795,15.9911,17.16096,17.16096,15.93173,16.77027,17.07403,16.34173,17.04986,15.93589,16.60408,16.65496,16.44142,17.10151,16.03901,17.16699,16.31564,14.93827,15.64142,16.28564,15.78745,16.50211,17.16699,17.3597,17.55011,16.45293,16.12216,16.1537,16.0631,15.11762,14.22682,15.06573,13.43658,13.88808,12.5137,14.13096,14.21129,15.18022,14.21504,13.72814,17.48345,17.33748,17.46792,17.88411,17.27907,17.42099,17.01266,17.27907,16.94973,17.25244,17.43764,17.13397,17.25019,17.41751,18.11052,17.36674,17.05351,17.72627,17.48658,17.1851,15.88427,16.73132,17.68211,17.28748,17.51534,17.82227,17.52455,17.95932,17.84929,17.48345,18.19679,16.93833,17.20112,17.38351,16.78279,16.71923,18.02589,15.41589,16.48277,17.63693,16.48277,16.44173,14.10803,15.80479,14.3734,13.45342,14.48463,15.12036,17.52477,15.71197,13.67274,16.88682,14.3546,16.17912,14.56992,15.49066,12.45923,12.30219,16.50989,15.86964,14.99786,16.07811,16.04422,16.10614,16.30427,16.82266,16.82682,15.86386,17.54118,17.49211,14.5774,16.39268,16.92556,16.9174,16.75197,13.5,14.34362,14.68447,17.51786,17.44345,17.74258,18.2183
